{
  "gux-alert": {
    "info": "Informationsbenachrichtigung mit Nachricht",
    "success": "Erfolgsbenachrichtigung mit Nachricht",
    "warning": "Warnbenachrichtigung mit Nachricht",
    "error": "Fehlerbenachrichtigung mit Nachricht"
  },
  "gux-badge": {
    "neutral": "Badge mit Bezeichnung: {label}, Farbe: neutral",
    "neutral-bold": "Badge mit Bezeichnung: {label}, Farbe: neutral fett",
    "green": "Badge mit Bezeichnung: {label}, Farbe: grün",
    "green-bold": "Badge mit Bezeichnung: {label}, Farbe: grün fett",
    "yellow": "Badge mit Bezeichnung: {label}, Farbe: gelb",
    "yellow-bold": "Badge mit Bezeichnung: {label}, Farbe: gelb fett",
    "red": "Badge mit Bezeichnung: {label}, Farbe: rot",
    "red-bold": "Badge mit Bezeichnung: {label}, Farbe: rot fett",
    "inherit": "Badge mit Bezeichnung: {label}"
  },
  "gux-column-manager-item": {
    "activateReordering": "Neuanordnungsmodus für Spalte {columnName} aktivieren"
  },
  "gux-column-manager": {
    "search": "Suchen",
    "searchResults": "Suchergebnisse",
    "selectedColumnCount": "{count}/{total} Spalten ausgewählt",
    "selectAllColumnsScreenReader": "{count} von {total} Spalten ausgewählt: Aktivieren Sie das Kontrollkästchen, um alle {total} Spalten auszuwählen",
    "unselectAllColumnsScreenReader": "{count} von {total} Spalten ausgewählt: Deaktivieren Sie das Kontrollkästchen, um die Auswahl aller {total} Spalten aufzuheben",
    "movePositionPrompt": "Drücken Sie die Leertaste oder die Eingabetaste, um die Spalte {columnName} zu Position {newPositionNumber} von Position {oldPositionNumber} zu verschieben.",
    "reorderingModeActive": "Neuanordnungsmodus aktiv. Ändern Sie die Position der Spalte {columnName} mithilfe der Nach-oben-Taste, der Nach-unten-Taste, der Pos1-Taste und der Ende-Taste. Drücken Sie Escape, um den Neuanordnungsmodus zu deaktivieren."
  },
  "gux-context-menu": {
    "contextMenuScreenreaderText": "Kontextmenü"
  },
  "gux-copy-to-clipboard": {
    "clickToCopy": "Zum Kopieren klicken",
    "enterToCopy": "Zum Kopieren die Eingabetaste drücken",
    "copySuccess": "In Zwischenablage kopiert",
    "copyFailure": "Fehler. Bitte versuchen Sie es erneut."
  },
  "gux-dropdown-multi-tag": {
    "clearSelection": "{numberSelected} ausgewählte Elemente löschen"
  },
  "gux-dropdown-multi": {
    "textInputResults": "Tippen Sie, um Listenfeldergebnisse zu filtern",
    "noSelection": "Auswählen...",
    "dropdown": "Listenfeld",
    "numberSelected": "{numberSelected} ausgewählt",
    "pressEnterToCreate": "Drücken Sie die Eingabetaste, um eine neue Option zu erstellen, {textInputValue}"
  },
  "gux-month-calendar": {
    "changeYear": "Aktuelles Jahr ist {currentYear}, klicken Sie zum Ändern des Jahres auf  {changeYear}"
  },
  "gux-month-picker": {
    "toggleCalendar": "Kalenderansicht Monat umschalten",
    "month": "Monat",
    "year": "Jahr",
    "unset": "Löschen"
  },
  "gux-pagination-buttons-beta": {
    "page": "Seite",
    "totalPages": " von {totalPages, number}",
    "firstPage": "Erste Seite",
    "previousPage": "Vorherige Seite",
    "nextPage": "Nächste Seite",
    "lastPage": "Letzte Seite",
    "pageInputLabel": "Seite {currentPage, number} von {totalPages, number}",
    "goToPage": "Gehe zu Seite",
    "pageNumber": "Seite {pageNumber}",
    "pageSelected": "Seite {pageSelected} ausgewählt"
  },
  "gux-pagination-item-counts-beta": {
    "itemCountDisplay": "{firstItem, number} - {lastItem, number}",
    "totalItems": " von {totalItems, number}"
  },
  "gux-pagination-items-per-page-beta": {
    "perPage": "pro Seite",
    "itemsPerPage": "Elemente pro Seite",
    "rangeSelected": "Listenfeld Elemente pro Seite, {range} ausgewählt"
  },
  "gux-phone-input": {
    "AD": "Andorra",
    "AE": "Vereinigte Arabische Emirate",
    "AF": "Afghanistan",
    "AG": "Antigua und Barbuda",
    "AI": "Anguilla",
    "AL": "Albanien",
    "AM": "Armenien",
    "AO": "Angola",
    "AR": "Argentinien",
    "AS": "Amerikanisch-Samoa",
    "AT": "Österreich",
    "AU": "Australien",
    "AW": "Aruba",
    "AX": "Åland",
    "AZ": "Aserbaidschan",
    "BA": "Bosnien und Herzegowina",
    "BB": "Barbados",
    "BD": "Bangladesch",
    "BE": "Belgien",
    "BF": "Burkina Faso",
    "BG": "Bulgarien",
    "BH": "Bahrain",
    "BI": "Burundi",
    "BJ": "Benin",
    "BL": "Saint-Barthélemy",
    "BM": "Bermuda",
    "BN": "Brunei",
    "BO": "Bolivien",
    "BQ": "Karibische Niederlande",
    "BR": "Brasilien",
    "BS": "Bahamas",
    "BT": "Bhutan",
    "BV": "Bouvetinsel",
    "BW": "Botswana",
    "BY": "Weißrussland",
    "BZ": "Belize",
    "CA": "Kanada",
    "CC": "Kokosinseln",
    "CD": "Demokratische Republik Kongo",
    "CF": "Zentralafrikanische Republik",
    "CG": "Republik Kongo",
    "CH": "Schweiz",
    "CI": "Elfenbeinküste",
    "CK": "Cookinseln",
    "CL": "Chile",
    "CM": "Kamerun",
    "CN": "China",
    "CO": "Kolumbien",
    "CR": "Costa Rica",
    "CU": "Kuba",
    "CV": "Kap Verde",
    "CW": "Curacao",
    "CX": "Weihnachtsinsel",
    "CY": "Zypern",
    "CZ": "Tschechische Republik",
    "DE": "Deutschland",
    "DJ": "Dschibuti",
    "DK": "Dänemark",
    "DM": "Dominica",
    "DO": "Dominikanische Republik",
    "DZ": "Algerien",
    "EC": "Ecuador",
    "EE": "Estland",
    "EG": "Ägypten",
    "EH": "Westsahara",
    "ER": "Eritrea",
    "ES": "Spanien",
    "ET": "Äthiopien",
    "FI": "Finnland",
    "FJ": "Fidschi",
    "FK": "Falklandinseln",
    "FM": "Mikronesien",
    "FO": "Färöer",
    "FR": "Frankreich",
    "GA": "Gabun",
    "GB": "Vereinigtes Königreich",
    "GD": "Grenada",
    "GE": "Georgien",
    "GF": "Französisch-Guayana",
    "GG": "Guernsey",
    "GH": "Ghana",
    "GI": "Gibraltar",
    "GL": "Grönland",
    "GM": "Gambia",
    "GN": "Guinea",
    "GP": "Guadeloupe",
    "GQ": "Äquatorialguinea",
    "GR": "Griechenland",
    "GS": "Südgeorgien und die Südlichen Sandwichinseln",
    "GT": "Guatemala",
    "GU": "Guam",
    "GW": "Guinea-Bissau",
    "GY": "Guyana",
    "HK": "Hongkong",
    "HN": "Honduras",
    "HR": "Kroatien",
    "HT": "Haiti",
    "HU": "Ungarn",
    "ID": "Indonesien",
    "IE": "Irland",
    "IL": "Israel",
    "IM": "Insel Man",
    "IN": "Indien",
    "IO": "Britisches Territorium im Indischen Ozean",
    "IQ": "Irak",
    "IR": "Iran",
    "IS": "Island",
    "IT": "Italien",
    "JE": "Jersey",
    "JM": "Jamaika",
    "JO": "Jordanien",
    "JP": "Japan",
    "KE": "Kenia",
    "KG": "Kirgisistan",
    "KH": "Kambodscha",
    "KI": "Kiribati",
    "KM": "Komoren",
    "KN": "Saint Kitts und Nevis",
    "KP": "Nordkorea",
    "KR": "Südkorea",
    "KW": "Kuwait",
    "KY": "Kaimaninseln",
    "KZ": "Kasachstan",
    "LA": "Laos",
    "LB": "Libanon",
    "LC": "Saint Lucia",
    "LI": "Liechtenstein",
    "LK": "Sri Lanka",
    "LR": "Liberia",
    "LS": "Lesotho",
    "LT": "Litauen",
    "LU": "Luxemburg",
    "LV": "Lettland",
    "LY": "Libyen",
    "MA": "Marokko",
    "MC": "Monaco",
    "MD": "Moldawien",
    "ME": "Montenegro",
    "MF": "Saint Martin",
    "MG": "Madagaskar",
    "MH": "Marshallinseln",
    "MK": "Mazedonien",
    "ML": "Mali",
    "MM": "Myanmar",
    "MN": "Mongolei",
    "MO": "Macau",
    "MP": "Nördliche Marianen",
    "MQ": "Martinique",
    "MR": "Mauretanien",
    "MS": "Montserrat",
    "MT": "Malta",
    "MU": "Mauritius",
    "MV": "Malediven",
    "MW": "Malawi",
    "MX": "Mexiko",
    "MY": "Malaysia",
    "MZ": "Mosambik",
    "NA": "Namibia",
    "NC": "Neukaledonien",
    "NE": "Niger",
    "NF": "Norfolkinsel",
    "NG": "Nigeria",
    "NI": "Nikaragua",
    "NL": "Niederlande",
    "NO": "Norwegen",
    "NP": "Nepal",
    "NR": "Nauru",
    "NU": "Niue",
    "NZ": "Neuseeland",
    "OM": "Oman",
    "PA": "Panama",
    "PE": "Peru",
    "PF": "Französisch-Polynesien",
    "PG": "Papua-Neuguinea",
    "PH": "Philippinen",
    "PK": "Pakistan",
    "PL": "Polen",
    "PM": "Saint-Pierre und Miquelon",
    "PN": "Pitcairninseln",
    "PR": "Puerto Rico",
    "PS": "Palästina",
    "PT": "Portugal",
    "PW": "Palau",
    "PY": "Paraguay",
    "QA": "Katar",
    "RE": "Réunion",
    "RO": "Rumänien",
    "RS": "Serbien",
    "RU": "Russland",
    "RW": "Ruanda",
    "SA": "Saudi-Arabien",
    "SB": "Salomonen",
    "SC": "Seychellen",
    "SD": "Sudan",
    "SE": "Schweden",
    "SG": "Singapur",
    "SH": "St. Helena",
    "SI": "Slowenien",
    "SJ": "Spitzbergen und Jan Mayen",
    "SK": "Slowakei",
    "SL": "Sierra Leone",
    "SM": "San Marino",
    "SN": "Senegal",
    "SO": "Somalia",
    "SR": "Suriname",
    "SS": "Südsudan",
    "ST": "São Tomé und Príncipe",
    "SV": "El Salvador",
    "SX": "Sint Maarten",
    "SY": "Syrien",
    "SZ": "Swasiland",
    "TC": "Turks- und Caicosinseln",
    "TD": "Tschad",
    "TG": "Togo",
    "TH": "Thailand",
    "TJ": "Tadschikistan",
    "TK": "Tokelau",
    "TL": "Osttimor",
    "TM": "Turkmenistan",
    "TN": "Tunesien",
    "TO": "Tonga",
    "TR": "Türkei",
    "TT": "Trinidad und Tobago",
    "TV": "Tuvalu",
    "TW": "Taiwan",
    "TZ": "Tansania",
    "UA": "Ukraine",
    "UG": "Uganda",
    "US": "USA",
    "UY": "Uruguay",
    "UZ": "Usbekistan",
    "VA": "Vatikanstadt",
    "VC": "St. Vincent und die Grenadinen",
    "VE": "Venezuela",
    "VG": "Britische Jungferninseln",
    "VI": "Amerikanische Jungferninseln",
    "VN": "Vietnam",
    "VU": "Vanuatu",
    "WF": "Wallis und Futuna",
    "WS": "Samoa",
    "XK": "Kosovo",
    "YE": "Jemen",
    "YT": "Mayotte",
    "ZA": "Südafrika",
    "ZM": "Sambia",
    "ZW": "Simbabwe",
    "unknownRegion": "Unbekannte Region",
    "regionDropdown": "Region-Dropdown",
    "regionDropdownButton": "Region-Dropdown-Schaltfläche"
  },
  "gux-skip-navigation-list": {
    "navigationName": "Skiplink-Navigation überspringen"
  },
  "gux-table-toolbar-action": {
    "actionRefresh": "Aktualisieren",
    "actionDelete": "Löschen",
    "actionExport": "Exportieren",
    "actionImport": "Importieren",
    "actionRevert": "Wiederherstellen",
    "actionAdd": "Hinzufügen"
  },
  "gux-table-toolbar-menu-button": {
    "additionalActions": "Weitere Aktionen"
  },
  "gux-table": {
    "emptyMessage": "Keine Daten verfügbar",
    "scrollLeft": "Nach links blättern",
    "scrollRight": "Nach rechts blättern",
    "selectAllTableRows": "Alle Tabellenzeilen auswählen",
    "selectTableRow": "Tabellenzeile auswählen",
    "sortAsc": "Aufsteigend sortiert",
    "sortDesc": "Absteigend sortiert",
    "tableOptions": "Tabellenoptionen",
    "noColumnSort": "{headerContent}. Die Tabelle ist derzeit nicht nach dieser Spalte sortiert. Klicken Sie auf die Spaltenkopfzeile, um die Tabelle nach dieser Spalte in aufsteigender Reihenfolge zu sortieren.",
    "ascendingColumnSort": "{headerContent}. Die Tabelle ist derzeit nach dieser Spalte in aufsteigender Reihenfolge sortiert. Klicken Sie auf die Spaltenkopfzeile, um die Tabelle nach dieser Spalte in absteigender Reihenfolge zu sortieren.",
    "descendingColumnSort": "{headerContent}. Die Tabelle ist derzeit nach dieser Spalte in absteigender Reihenfolge sortiert. Klicken Sie auf die Spaltenkopfzeile, um die Tabelle nach dieser Spalte in aufsteigender Reihenfolge zu sortieren.",
    "descendingColumnSortIncludeUnsorted": "{headerContent}. Die Tabelle ist derzeit nach dieser Spalte in absteigender Reihenfolge sortiert. Klicken Sie auf die Spaltenkopfzeile, um die Tabelle nicht nach dieser Spalte zu sortieren."
  },
  "gux-tag": {
    "tag": "Tag mit Bezeichnung: {label}",
    "tag-disabled": "Deaktiviertes Tag mit Bezeichnung: {label}",
    "remove-tag": "Tag mit Bezeichnung entfernen: {label}"
  },
  "gux-time-picker": {
    "am": "Vormittag",
    "time-separator": ":",
    "clockButton": "Vorgeschlagene Zeiten umschalten",
    "hoursInput": "Eingabe Stunden",
    "minutesInput": "Eingabe Minuten",
    "pm": "Nachmittag",
    "timeOptionsState": "Offene Zeitoptionen: {state}",
    "toggleAmPM": "{amOrPm} ausgewählt, zum Umschalten klicken"
  },
  "gux-action-button-legacy": {
    "actionButtonDropdown": "Listenfeld für {buttonTitle}"
  },
  "gux-command-palette-legacy": {
    "recentSearch": "Kürzlich gesucht:",
    "commonSearch": "Häufige Suchanfragen:",
    "limited": "Ergebnisse eingeschränkt, verfeinern Sie Ihre Suche für weitere Befehle.",
    "search": "Suchen Sie nach Befehlen.",
    "title": "Befehlspalette"
  },
  "gux-input-color": {
    "required": "Erforderlich"
  },
  "gux-input-number": {
    "clear": "Löschen",
    "increment": "Inkrement",
    "decrement": "Dekrement"
  },
  "gux-input-search": {
    "clear": "Löschen"
  },
  "gux-input-text-like": {
    "clear": "Löschen"
  },
  "gux-tabs-legacy": {
    "createNewTab": "Neue Registerkarte erstellen",
    "scrollLeft": "Nach links blättern",
    "scrollRight": "Nach rechts blättern",
    "disableNewTab": "Die maximale Anzahl an erstellten Registerkarten wurde erreicht."
  },
  "gux-action-button": {
    "moreOptions": "Weitere Optionen"
  },
  "gux-advanced-dropdown": {
    "searchAria": "Suchen"
  },
  "gux-breadcrumbs": {
    "breadcrumbs": "Breadcrumbs"
  },
  "gux-content-search": {
    "eraseBtnAria": "Suchtext löschen",
    "navigateNextBtn": "Nächsten Treffer markieren",
    "navigatePreviousBtn": "Vorherigen Treffer markieren",
    "totalMatches": "{currentMatch, number} von {matchCount, number}",
    "clear": "Löschen"
  },
  "gux-datepicker": {
    "start": "Start",
    "end": "Ende",
    "date": "Datum",
    "toggleCalendar": "Kalenderansicht umschalten"
  },
  "gux-disclosure-button": {
    "defaultLabel": "Veröffentlichung-Schaltfläche"
  },
  "gux-dismiss-button": {
    "dismiss": "Verwerfen"
  },
  "gux-dropdown": {
    "filterResults": "Tippen Sie, um Listenfeldergebnisse zu filtern",
    "noSelection": "Auswählen...",
    "dropdown": "Listenfeld"
  },
  "gux-form-field-dropdown": {
    "required": "Erforderlich"
  },
  "gux-form-field-number": {
    "increment": "Inkrement",
    "decrement": "Dekrement"
  },
  "gux-form-field-phone": {
    "required": "Erforderlich"
  },
  "gux-form-field-time-picker": {
    "required": "Erforderlich"
  },
  "gux-form-field-input-clear-button": {
    "clear": "Löschen"
  },
  "gux-create-option": {
    "createCustomOptionInstructions": ", wählen Sie diese Option, um eine neue benutzerdefinierte Option zu erstellen.",
    "createOption": "\"{optionValue}\" hinzufügen"
  },
  "gux-option-multi": {
    "removeCustomElementInstructions": ", wenn Sie die Auswahl dieser benutzerdefinierten Option aufheben, wird sie aus der Liste entfernt."
  },
  "gux-listbox-multi": {
    "add": "{name} hinzufügen",
    "noMatches": "Keine Übereinstimmungen",
    "loading": "Wird geladen…"
  },
  "gux-listbox": {
    "noMatches": "Keine Übereinstimmungen",
    "loading": "Wird geladen…"
  },
  "gux-pagination-cursor": {
    "previous": "Zurück",
    "next": "Weiter"
  },
  "gux-pagination-buttons": {
    "page": "Seite",
    "totalPages": " von {totalPages, number}",
    "first": "Erste",
    "previous": "Zurück",
    "next": "Weiter",
    "last": "Letzte",
    "pageInputLabel": "Seite {currentPage, number} von {totalPages, number}"
  },
  "gux-pagination-item-counts": {
    "itemCountDisplay": "{firstItem, number} - {lastItem, number}",
    "totalItems": " von {totalItems, number}"
  },
  "gux-pagination-items-per-page": {
    "perPage": "pro Seite",
    "itemsPerPage": "Elemente pro Seite",
    "rangeSelected": "Listenfeld Elemente pro Seite, {range} ausgewählt"
  },
  "gux-radial-loading": {
    "loading": "Ladevorgang läuft"
  },
  "gux-tabs-advanced": {
    "createNewTab": "Neue Registerkarte erstellen",
    "scrollLeft": "Nach links blättern",
    "scrollRight": "Nach rechts blättern",
    "options": "Registerkartenoptionen für {tabTitle}",
    "disableNewTab": "Die maximale Anzahl an erstellten Registerkarten wurde erreicht.",
    "toggleSort": "Sortiermodus mit Leerzeichen ein-/ausschalten",
    "sortModeOn": "Verwenden Sie bei eingeschaltetem Sortiermodus die linken und rechten Pfeiltasten, um die Registerkarten neu anzuordnen. Drücken Sie die Leer- oder Eingabetaste, um das Sortieren abzuschließen. Drücken Sie die Escape-Taste, um das Sortieren abzubrechen.",
    "sortComplete": "Sortieren abgeschlossen",
    "sortCancelled": "Sortieren abgebrochen"
  },
  "gux-tabs": {
    "scrollLeft": "Nach links blättern",
    "scrollRight": "Nach rechts blättern",
    "scrollUp": "Nach oben blättern",
    "scrollDown": "Nach unten blättern"
  },
  "gux-time-zone-picker": {
    "Afghanistan": "Afghanistan",
    "Africa/Abidjan": "Afrika/Abidjan",
    "Africa/Accra": "Afrika/Accra",
    "Africa/Addis_Ababa": "Afrika/Addis Abeba",
    "Africa/Algiers": "Afrika/Algier",
    "Africa/Asmara": "Afrika/Asmara",
    "Africa/Asmera": "Afrika/Asmera",
    "Africa/Bamako": "Afrika/Bamako",
    "Africa/Bangui": "Afrika/Bangui",
    "Africa/Banjul": "Afrika/Banjul",
    "Africa/Bissau": "Afrika/Bissau",
    "Africa/Blantyre": "Afrika/Blantyre",
    "Africa/Brazzaville": "Afrika/Brazzaville",
    "Africa/Bujumbura": "Afrika/Bujumbura",
    "Africa/Cairo": "Afrika/Kairo",
    "Africa/Casablanca": "Afrika/Casablanca",
    "Africa/Ceuta": "Afrika/Ceuta",
    "Africa/Conakry": "Afrika/Conakry",
    "Africa/Dakar": "Afrika/Dakar",
    "Africa/Dar_es_Salaam": "Afrika/Daressalam",
    "Africa/Djibouti": "Afrika/Dschibuti",
    "Africa/Douala": "Afrika/Douala",
    "Africa/El_Aaiun": "Afrika/El Aaiun",
    "Africa/Freetown": "Afrika/Freetown",
    "Africa/Gaborone": "Afrika/Gaborone",
    "Africa/Harare": "Afrika/Harare",
    "Africa/Johannesburg": "Afrika/Johannesburg",
    "Africa/Juba": "Afrika/Juba",
    "Africa/Kampala": "Afrika/Kampala",
    "Africa/Khartoum": "Afrika/Khartum",
    "Africa/Kigali": "Afrika/Kigali",
    "Africa/Kinshasa": "Afrika/Kinshasa",
    "Africa/Lagos": "Afrika/Lagos",
    "Africa/Libreville": "Afrika/Libreville",
    "Africa/Lome": "Afrika/Lome",
    "Africa/Luanda": "Afrika/Luanda",
    "Africa/Lubumbashi": "Afrika/Lubumbashi",
    "Africa/Lusaka": "Afrika/Lusaka",
    "Africa/Malabo": "Afrika/Malabo",
    "Africa/Maputo": "Afrika/Maputo",
    "Africa/Maseru": "Afrika/Maseru",
    "Africa/Mbabane": "Afrika/Mbabane",
    "Africa/Mogadishu": "Afrika/Mogadischu",
    "Africa/Monrovia": "Afrika/Monrovia",
    "Africa/Nairobi": "Afrika/Nairobi",
    "Africa/Ndjamena": "Afrika/Ndjamena",
    "Africa/Niamey": "Afrika/Niamey",
    "Africa/Nouakchott": "Afrika/Nouakchott",
    "Africa/Ouagadougou": "Afrika/Ouagadougou",
    "Africa/Porto-Novo": "Afrika/Porto-Novo",
    "Africa/Sao_Tome": "Afrika/Sao Tome",
    "Africa/Timbuktu": "Afrika/Timbuktu",
    "Africa/Tripoli": "Afrika/Tripoli",
    "Africa/Tunis": "Afrika/Tunis",
    "Africa/Windhoek": "Afrika/Windhoek",
    "Aland Islands": "Ålandinseln",
    "Albania": "Albanien",
    "Algeria": "Algerien",
    "America/Adak": "Amerika/Adak",
    "America/Anchorage": "Amerika/Anchorage",
    "America/Anguilla": "Amerika/Anguilla",
    "America/Antigua": "Amerika/Antigua",
    "America/Araguaina": "Amerika/Araguaina",
    "America/Argentina/Buenos_Aires": "Amerika/Argentinien/Buenos Aires",
    "America/Argentina/Catamarca": "Amerika/Argentinien/Catamarca",
    "America/Argentina/ComodRivadavia": "Amerika/Argentinien/ComodRivadavia",
    "America/Argentina/Cordoba": "Amerika/Argentinien/Cordoba",
    "America/Argentina/Jujuy": "Amerika/Argentinien/Jujuy",
    "America/Argentina/La_Rioja": "Amerika/Argentinien/La Rioja",
    "America/Argentina/Mendoza": "Amerika/Argentinien/Mendoza",
    "America/Argentina/Rio_Gallegos": "Amerika/Argentinien/Rio Gallegos",
    "America/Argentina/Salta": "Amerika/Argentinien/Salta",
    "America/Argentina/San_Juan": "Amerika/Argentinien/San Juan",
    "America/Argentina/San_Luis": "Amerika/Argentinien/San Luis",
    "America/Argentina/Tucuman": "Amerika/Argentinien/Tucuman",
    "America/Argentina/Ushuaia": "Amerika/Argentinien/Ushuaia",
    "America/Aruba": "Amerika/Aruba",
    "America/Asuncion": "Amerika/Asuncion",
    "America/Atikokan": "Amerika/Atikokan",
    "America/Atka": "Amerika/Atka",
    "America/Bahia": "Amerika/Bahia",
    "America/Bahia_Banderas": "Amerika/Bahia Banderas",
    "America/Barbados": "Amerika/Barbados",
    "America/Belem": "Amerika/Belem",
    "America/Belize": "Amerika/Belize",
    "America/Blanc-Sablon": "Amerika/Blanc-Sablon",
    "America/Boa_Vista": "Amerika/Boa Vista",
    "America/Bogota": "Amerika/Bogota",
    "America/Boise": "Amerika/Boise",
    "America/Buenos_Aires": "Amerika/Buenos Aires",
    "America/Cambridge_Bay": "Amerika/Cambridge Bay",
    "America/Campo_Grande": "Amerika/Campo Grande",
    "America/Cancun": "Amerika/Cancun",
    "America/Caracas": "Amerika/Caracas",
    "America/Catamarca": "Amerika/Catamarca",
    "America/Cayenne": "Amerika/Cayenne",
    "America/Cayman": "Amerika/Cayman",
    "America/Chicago": "Amerika/Chicago",
    "America/Chihuahua": "Amerika/Chihuahua",
    "America/Ciudad_Juarez": "Amerika/Ciudad_Juárez",
    "America/Coral_Harbour": "Amerika/Coral_Harbour",
    "America/Cordoba": "Amerika/Cordoba",
    "America/Costa_Rica": "Amerika/Costa Rica",
    "America/Creston": "Amerika/Creston",
    "America/Cuiaba": "Amerika/Cuiaba",
    "America/Curacao": "Amerika/Curacao",
    "America/Danmarkshavn": "Amerika/Danmarkshavn",
    "America/Dawson": "Amerika/Dawson",
    "America/Dawson_Creek": "Amerika/Dawson Creek",
    "America/Denver": "Amerika/Denver",
    "America/Detroit": "Amerika/Detroit",
    "America/Dominica": "Amerika/Dominica",
    "America/Edmonton": "Amerika/Edmonton",
    "America/Eirunepe": "Amerika/Eirunepe",
    "America/El_Salvador": "Amerika/El Salvador",
    "America/Ensenada": "Amerika/Ensenada",
    "America/Fort_Nelson": "Amerika/Fort Nelson",
    "America/Fort_Wayne": "Amerika/Fort_Wayne",
    "America/Fortaleza": "Amerika/Fortaleza",
    "America/Glace_Bay": "Amerika/Glace Bay",
    "America/Godthab": "Amerika/Nuuk",
    "America/Goose_Bay": "Amerika/Goose Bay",
    "America/Grand_Turk": "Amerika/Grand Turk",
    "America/Grenada": "Amerika/Grenada",
    "America/Guadeloupe": "Amerika/Guadeloupe",
    "America/Guatemala": "Amerika/Guatemala",
    "America/Guayaquil": "Amerika/Guayaquil",
    "America/Guyana": "Amerika/Guyana",
    "America/Halifax": "Amerika/Halifax",
    "America/Havana": "Amerika/Havanna",
    "America/Hermosillo": "Amerika/Hermosillo",
    "America/Indiana/Indianapolis": "Amerika/Indiana/Indianapolis",
    "America/Indiana/Knox": "Amerika/Indiana/Knox",
    "America/Indiana/Marengo": "Amerika/Indiana/Marengo",
    "America/Indiana/Petersburg": "Amerika/Indiana/Petersburg",
    "America/Indiana/Tell_City": "Amerika/Indiana/Tell City",
    "America/Indiana/Vevay": "Amerika/Indiana/Vevay",
    "America/Indiana/Vincennes": "Amerika/Indiana/Vincennes",
    "America/Indiana/Winamac": "Amerika/Indiana/Winamac",
    "America/Indianapolis": "Amerika/Indianapolis",
    "America/Inuvik": "Amerika/Inuvik",
    "America/Iqaluit": "Amerika/Iqaluit",
    "America/Jamaica": "Amerika/Jamaika",
    "America/Jujuy": "Amerika/Jujuy",
    "America/Juneau": "Amerika/Juneau",
    "America/Kentucky/Louisville": "Amerika/Kentucky/Louisville",
    "America/Kentucky/Monticello": "Amerika/Kentucky/Monticello",
    "America/Knox_IN": "Amerika/Knox_IN",
    "America/Kralendijk": "Amerika/Kralendijk",
    "America/La_Paz": "Amerika/La Paz",
    "America/Lima": "Amerika/Lima",
    "America/Los_Angeles": "Amerika/Los Angeles",
    "America/Louisville": "Amerika/Louisville",
    "America/Lower_Princes": "Amerika/Lower Princes",
    "America/Maceio": "Amerika/Maceio",
    "America/Managua": "Amerika/Managua",
    "America/Manaus": "Amerika/Manaus",
    "America/Marigot": "Amerika/Marigot",
    "America/Martinique": "Amerika/Martinique",
    "America/Matamoros": "Amerika/Matamoros",
    "America/Mazatlan": "Amerika/Mazatlan",
    "America/Mendoza": "Amerika/Mendoza",
    "America/Menominee": "Amerika/Menominee",
    "America/Merida": "Amerika/Merida",
    "America/Metlakatla": "Amerika/Metlakatla",
    "America/Mexico_City": "Amerika/Mexiko-Stadt",
    "America/Miquelon": "Amerika/Miquelon",
    "America/Moncton": "Amerika/Moncton",
    "America/Monterrey": "Amerika/Monterrey",
    "America/Montevideo": "Amerika/Montevideo",
    "America/Montreal": "Amerika/Montreal",
    "America/Montserrat": "Amerika/Montserrat",
    "America/Nassau": "Amerika/Nassau",
    "America/New_York": "Amerika/New York",
    "America/Nipigon": "Amerika/Nipigon",
    "America/Nome": "Amerika/Nome",
    "America/Noronha": "Amerika/Noronha",
    "America/North_Dakota/Beulah": "Amerika/North Dakota/Beulah",
    "America/North_Dakota/Center": "Amerika/North Dakota/Center",
    "America/North_Dakota/New_Salem": "Amerika/North Dakota/New Salem",
    "America/Nuuk": "Amerika/Nuuk",
    "America/Ojinaga": "Amerika/Ojinaga",
    "America/Panama": "Amerika/Panama",
    "America/Pangnirtung": "Amerika/Pangnirtung",
    "America/Paramaribo": "Amerika/Paramaribo",
    "America/Phoenix": "Amerika/Phoenix",
    "America/Port-au-Prince": "Amerika/Port-au-Prince",
    "America/Port_of_Spain": "Amerika/Port of Spain",
    "America/Porto_Acre": "Amerika/Porto_Acre",
    "America/Porto_Velho": "Amerika/Porto Velho",
    "America/Puerto_Rico": "Amerika/Puerto Rico",
    "America/Punta_Arenas": "Amerika/Punta Arenas",
    "America/Rainy_River": "Amerika/Rainy River",
    "America/Rankin_Inlet": "Amerika/Rankin Inlet",
    "America/Recife": "Amerika/Recife",
    "America/Regina": "Amerika/Regina",
    "America/Resolute": "Amerika/Resolute",
    "America/Rio_Branco": "Amerika/Rio Branco",
    "America/Rosario": "Amerika/Rosario",
    "America/Santa_Isabel": "Amerika/Santa Isabel",
    "America/Santarem": "Amerika/Santarem",
    "America/Santiago": "Amerika/Santiago",
    "America/Santo_Domingo": "Amerika/Santo Domingo",
    "America/Sao_Paulo": "Amerika/Sao Paulo",
    "America/Scoresbysund": "Amerika/Ittoqqortoormiit",
    "America/Shiprock": "Amerika/Shiprock",
    "America/Sitka": "Amerika/Sitka",
    "America/St_Barthelemy": "Amerika/St. Barthelemy",
    "America/St_Johns": "Amerika/St. John's",
    "America/St_Kitts": "Amerika/St. Kitts",
    "America/St_Lucia": "Amerika/St. Lucia",
    "America/St_Thomas": "Amerika/St. Thomas",
    "America/St_Vincent": "Amerika/St. Vincent",
    "America/Swift_Current": "Amerika/Swift Current",
    "America/Tegucigalpa": "Amerika/Tegucigalpa",
    "America/Thule": "Amerika/Thule",
    "America/Thunder_Bay": "Amerika/Thunder Bay",
    "America/Tijuana": "Amerika/Tijuana",
    "America/Toronto": "Amerika/Toronto",
    "America/Tortola": "Amerika/Tortola",
    "America/Vancouver": "Amerika/Vancouver",
    "America/Virgin": "Amerika/Virgin",
    "America/Whitehorse": "Amerika/Whitehorse",
    "America/Winnipeg": "Amerika/Winnipeg",
    "America/Yakutat": "Amerika/Yakutat",
    "America/Yellowknife": "Amerika/Yellowknife",
    "American Samoa": "Amerikanisch-Samoa",
    "Andorra": "Andorra",
    "Angola": "Angola",
    "Anguilla": "Anguilla",
    "Antarctica": "Antarktika",
    "Antarctica/Casey": "Antarktika/Casey",
    "Antarctica/Davis": "Antarktika/Davis",
    "Antarctica/DumontDUrville": "Antarktika/DumontDUrville",
    "Antarctica/Macquarie": "Antarktika/Macquarie",
    "Antarctica/Mawson": "Antarktika/Mawson",
    "Antarctica/McMurdo": "Antarktika/McMurdo",
    "Antarctica/Palmer": "Antarktika/Palmer",
    "Antarctica/Rothera": "Antarktika/Rothera",
    "Antarctica/South_Pole": "Antarktika/Südpol",
    "Antarctica/Syowa": "Antarktika/Showa",
    "Antarctica/Troll": "Antarktis/Troll",
    "Antarctica/Vostok": "Antarktika/Wostok",
    "Antigua and Barbuda": "Antigua und Barbuda",
    "Arctic/Longyearbyen": "Arktisches Meer/Longyearbyen",
    "Argentina": "Argentinien",
    "Armenia": "Armenien",
    "Aruba": "Aruba",
    "Asia/Aden": "Asien/Aden",
    "Asia/Almaty": "Asien/Almaty",
    "Asia/Amman": "Asien/Amman",
    "Asia/Anadyr": "Asien/Anadyr",
    "Asia/Aqtau": "Asien/Aqtau",
    "Asia/Aqtobe": "Asien/Aqtöbe",
    "Asia/Ashgabat": "Asien/Asgabat",
    "Asia/Ashkhabad": "Asien/Ashkhabad",
    "Asia/Atyrau": "Asien/Atyrau",
    "Asia/Baghdad": "Asien/Bagdad",
    "Asia/Bahrain": "Asien/Bahrain",
    "Asia/Baku": "Asien/Baku",
    "Asia/Bangkok": "Asien/Bangkok",
    "Asia/Barnaul": "Asien/Barnaul",
    "Asia/Beirut": "Asien/Beirut",
    "Asia/Bishkek": "Asien/Bischkek",
    "Asia/Brunei": "Asien/Brunei",
    "Asia/Calcutta": "Asien/Kalkutta",
    "Asia/Chita": "Asien/Chita",
    "Asia/Choibalsan": "Asien/Choibalsan",
    "Asia/Chongqing": "Asien/Chongqing",
    "Asia/Chungking": "Asien/Chungking",
    "Asia/Colombo": "Asien/Colombo",
    "Asia/Dacca": "Asien/Dacca",
    "Asia/Damascus": "Asien/Damaskus",
    "Asia/Dhaka": "Asien/Dhaka",
    "Asia/Dili": "Asien/Dili",
    "Asia/Dubai": "Asien/Dubai",
    "Asia/Dushanbe": "Asien/Duschanbe",
    "Asia/Famagusta": "Asien/Famagusta",
    "Asia/Gaza": "Asien/Gaza",
    "Asia/Harbin": "Asien/Harbin",
    "Asia/Hebron": "Asien/Hebron",
    "Asia/Ho_Chi_Minh": "Asien/Ho Chi Minh",
    "Asia/Hong_Kong": "Asien/Hongkong",
    "Asia/Hovd": "Asien/Chowd",
    "Asia/Irkutsk": "Asien/Irkutsk",
    "Asia/Istanbul": "Asien/Istanbul",
    "Asia/Jakarta": "Asien/Jakarta",
    "Asia/Jayapura": "Asien/Jayapura",
    "Asia/Jerusalem": "Asien/Jerusalem",
    "Asia/Kabul": "Asien/Kabul",
    "Asia/Kamchatka": "Asien/Kamtschatka",
    "Asia/Karachi": "Asien/Karatschi",
    "Asia/Kashgar": "Asien/Kaxgar",
    "Asia/Kathmandu": "Asien/Kathmandu",
    "Asia/Katmandu": "Asien/Kathmandu",
    "Asia/Khandyga": "Asien/Chandyga",
    "Asia/Kolkata": "Asien/Kalkutta",
    "Asia/Krasnoyarsk": "Asien/Krasnojarsk",
    "Asia/Kuala_Lumpur": "Asien/Kuala Lumpur",
    "Asia/Kuching": "Asien/Kuching",
    "Asia/Kuwait": "Asien/Kuwait",
    "Asia/Macao": "Asien/Macao",
    "Asia/Macau": "Asien/Macau",
    "Asia/Magadan": "Asien/Magadan",
    "Asia/Makassar": "Asien/Makassar",
    "Asia/Manila": "Asien/Manila",
    "Asia/Muscat": "Asien/Maskat",
    "Asia/Nicosia": "Asien/Nikosia",
    "Asia/Novokuznetsk": "Asien/Nowokusnezk",
    "Asia/Novosibirsk": "Asien/Nowosibirsk",
    "Asia/Omsk": "Asien/Omsk",
    "Asia/Oral": "Asien/Oral",
    "Asia/Phnom_Penh": "Asien/Phnom Penh",
    "Asia/Pontianak": "Asien/Pontianak",
    "Asia/Pyongyang": "Asien/Pjöngjang",
    "Asia/Qatar": "Asien/Katar",
    "Asia/Qostanay": "Asien/Qostanai",
    "Asia/Qyzylorda": "Asien/Qysylorda",
    "Asia/Rangoon": "Asien/Rangun",
    "Asia/Riyadh": "Asien/Riad",
    "Asia/Saigon": "Asien/Saigon",
    "Asia/Sakhalin": "Asien/Sachalin",
    "Asia/Samarkand": "Asien/Samarqand",
    "Asia/Seoul": "Asien/Seoul",
    "Asia/Shanghai": "Asien/Shanghai",
    "Asia/Singapore": "Asien/Singapur",
    "Asia/Srednekolymsk": "Asien/Srednekolymsk",
    "Asia/Taipei": "Asien/Taipeh",
    "Asia/Tashkent": "Asien/Taschkent",
    "Asia/Tbilisi": "Asien/Tiflis",
    "Asia/Tehran": "Asien/Teheran",
    "Asia/Tel_Aviv": "Asien/Tel_Aviv",
    "Asia/Thimbu": "Asien/Thimbu",
    "Asia/Thimphu": "Asien/Thimphu",
    "Asia/Tokyo": "Asien/Tokio",
    "Asia/Tomsk": "Asien/Tomsk",
    "Asia/Ujung_Pandang": "Asien/Ujung_Pandang",
    "Asia/Ulaanbaatar": "Asien/Ulaanbaatar",
    "Asia/Ulan_Bator": "Asien/Ulan_Bator",
    "Asia/Urumqi": "Asien/Ürümqi",
    "Asia/Ust-Nera": "Asien/Ust-Nera",
    "Asia/Vientiane": "Asien/Vientiane",
    "Asia/Vladivostok": "Asien/Wladiwostok",
    "Asia/Yakutsk": "Asien/Jakutsk",
    "Asia/Yangon": "Asien/Yangon",
    "Asia/Yekaterinburg": "Asien/Jekaterinburg",
    "Asia/Yerevan": "Asien/Jerevan",
    "Atlantic/Azores": "Atlantik/Azoren",
    "Atlantic/Bermuda": "Atlantik/Bermuda",
    "Atlantic/Canary": "Atlantik/Kanaren",
    "Atlantic/Cape_Verde": "Atlantik/Kap Verde",
    "Atlantic/Faeroe": "Atlantik/Färöer",
    "Atlantic/Faroe": "Atlantik/Färöer",
    "Atlantic/Jan_Mayen": "Atlantik/Jan_Mayen",
    "Atlantic/Madeira": "Atlantik/Madeira",
    "Atlantic/Reykjavik": "Atlantik/Reykjavik",
    "Atlantic/South_Georgia": "Atlantik/Südgeorgien",
    "Atlantic/St_Helena": "Atlantik/St. Helena",
    "Atlantic/Stanley": "Atlantik/Stanley",
    "Australia": "Australien",
    "Australia/ACT": "Australien/ACT",
    "Australia/Adelaide": "Australien/Adelaide",
    "Australia/Brisbane": "Australien/Brisbane",
    "Australia/Broken_Hill": "Australien/Broken Hill",
    "Australia/Canberra": "Australien/Canberra",
    "Australia/Currie": "Australien/Currie",
    "Australia/Darwin": "Australien/Darwin",
    "Australia/Eucla": "Australien/Eucla",
    "Australia/Hobart": "Australien/Hobart",
    "Australia/LHI": "Australien/LHI",
    "Australia/Lindeman": "Australien/Lindeman",
    "Australia/Lord_Howe": "Australien/Lord Howe",
    "Australia/Melbourne": "Australien/Melbourne",
    "Australia/NSW": "Australien/NSW",
    "Australia/North": "Australien/Norden",
    "Australia/Perth": "Australien/Perth",
    "Australia/Queensland": "Australien/Queensland",
    "Australia/South": "Australien/Süden",
    "Australia/Sydney": "Australien/Sydney",
    "Australia/Tasmania": "Australien/Tasmania",
    "Australia/Victoria": "Australien/Victoria",
    "Australia/West": "Australien/Westen",
    "Australia/Yancowinna": "Australien/Yancowinna",
    "Austria": "Österreich",
    "Azerbaijan": "Aserbaidschan",
    "Bahamas": "Bahamas",
    "Bahrain": "Bahrain",
    "Bangladesh": "Bangladesch",
    "Barbados": "Barbados",
    "Belarus": "Belarus",
    "Belgium": "Belgien",
    "Belize": "Belize",
    "Benin": "Benin",
    "Bermuda": "Bermuda",
    "Bhutan": "Bhutan",
    "Bolivia": "Bolivien",
    "Bonaire, Saint Eustatius and Saba ": "Bonaire, Saint Eustatius und Saba",
    "Bosnia and Herzegovina": "Bosnien und Herzegowina",
    "Botswana": "Botswana",
    "Brazil": "Brasilien",
    "Brazil/Acre": "Brasilien/Acre",
    "Brazil/DeNoronha": "Brasilien/DeNoronha",
    "Brazil/East": "Brasilien/Osten",
    "Brazil/West": "Brasilien/Westen",
    "British Indian Ocean Territory": "Britisches Territorium im Indischen Ozean",
    "British Virgin Islands": "Britische Jungferninseln",
    "Brunei": "Brunei",
    "Bulgaria": "Bulgarien",
    "Burkina Faso": "Burkina Faso",
    "Burundi": "Burundi",
    "CET": "MEZ",
    "CST6CDT": "CST6CDT",
    "Cabo Verde": "Kap Verde",
    "Cambodia": "Kambodscha",
    "Cameroon": "Kamerun",
    "Canada": "Kanada",
    "Canada/Atlantic": "Kanada/Atlantik",
    "Canada/Central": "Kanada/Zentral",
    "Canada/Eastern": "Kanada/Osten",
    "Canada/Mountain": "Kanada/Mountain",
    "Canada/Newfoundland": "Kanada/Neufundland",
    "Canada/Pacific": "Kanada/Pazifik",
    "Canada/Saskatchewan": "Kanada/Saskatchewan",
    "Canada/Yukon": "Kanada/Yukon",
    "Cayman Islands": "Kaimaninseln",
    "Central African Republic": "Zentralafrikanische Republik",
    "Chad": "Tschad",
    "Chile": "Chile",
    "Chile/Continental": "Chile/Kontinental",
    "Chile/EasterIsland": "Chile/Osterinsel",
    "China": "China",
    "Christmas Island": "Weihnachtsinsel",
    "Cocos Islands": "Kokosinseln",
    "Colombia": "Kolumbien",
    "Comoros": "Komoren",
    "Cook Islands": "Cookinseln",
    "Costa Rica": "Costa Rica",
    "Croatia": "Kroatien",
    "Cuba": "Kuba",
    "Curacao": "Curacao",
    "Cyprus": "Zypern",
    "Czechia": "Tschechien",
    "Democratic Republic of the Congo": "Demokratische Republik Kongo",
    "Denmark": "Dänemark",
    "Djibouti": "Dschibuti",
    "Dominica": "Dominica",
    "Dominican Republic": "Dominikanische Republik",
    "EET": "OEZ",
    "EST": "UTC-5",
    "EST5EDT": "EST5EDT",
    "Ecuador": "Ecuador",
    "Egypt": "Ägypten",
    "Eire": "Irland",
    "El Salvador": "El Salvador",
    "Equatorial Guinea": "Äquatorialguinea",
    "Eritrea": "Eritrea",
    "Estonia": "Estland",
    "Eswatini": "Eswatini",
    "Etc/GMT": "Etc/GMT",
    "Etc/GMT+0": "Etc/GMT+0",
    "Etc/GMT+1": "Etc/GMT+1",
    "Etc/GMT+10": "Etc/GMT+10",
    "Etc/GMT+11": "Etc/GMT+11",
    "Etc/GMT+12": "Etc/GMT+12",
    "Etc/GMT+2": "Etc/GMT+2",
    "Etc/GMT+3": "Etc/GMT+3",
    "Etc/GMT+4": "Etc/GMT+4",
    "Etc/GMT+5": "Etc/GMT+5",
    "Etc/GMT+6": "Etc/GMT+6",
    "Etc/GMT+7": "Etc/GMT+7",
    "Etc/GMT+8": "Etc/GMT+8",
    "Etc/GMT+9": "Etc/GMT+9",
    "Etc/GMT-0": "Etc/GMT-0",
    "Etc/GMT-1": "Etc/GMT-1",
    "Etc/GMT-10": "Etc/GMT-10",
    "Etc/GMT-11": "Etc/GMT-11",
    "Etc/GMT-12": "Etc/GMT-12",
    "Etc/GMT-13": "Etc/GMT-13",
    "Etc/GMT-14": "Etc/GMT-14",
    "Etc/GMT-2": "Etc/GMT-2",
    "Etc/GMT-3": "Etc/GMT-3",
    "Etc/GMT-4": "Etc/GMT-4",
    "Etc/GMT-5": "Etc/GMT-5",
    "Etc/GMT-6": "Etc/GMT-6",
    "Etc/GMT-7": "Etc/GMT-7",
    "Etc/GMT-8": "Etc/GMT-8",
    "Etc/GMT-9": "Etc/GMT-9",
    "Etc/UCT": "Etc/UCT",
    "Etc/UTC": "Etc/UTC",
    "Ethiopia": "Äthiopien",
    "Europe/Amsterdam": "Europa/Amsterdam",
    "Europe/Andorra": "Europa/Andorra",
    "Europe/Astrakhan": "Europa/Astrachan",
    "Europe/Athens": "Europa/Athen",
    "Europe/Belfast": "Europa/Belfast",
    "Europe/Belgrade": "Europa/Belgrad",
    "Europe/Berlin": "Europa/Berlin",
    "Europe/Bratislava": "Europa/Bratislava",
    "Europe/Brussels": "Europa/Brüssel",
    "Europe/Bucharest": "Europa/Bukarest",
    "Europe/Budapest": "Europa/Budapest",
    "Europe/Busingen": "Europa/Büsingen",
    "Europe/Chisinau": "Europa/Chisinau",
    "Europe/Copenhagen": "Europa/Kopenhagen",
    "Europe/Dublin": "Europa/Dublin",
    "Europe/Gibraltar": "Europa/Gibraltar",
    "Europe/Guernsey": "Europa/Guernsey",
    "Europe/Helsinki": "Europa/Helsinki",
    "Europe/Isle_of_Man": "Europa/Isle of Man",
    "Europe/Istanbul": "Europa/Istanbul",
    "Europe/Jersey": "Europa/Jersey",
    "Europe/Kaliningrad": "Europa/Kaliningrad",
    "Europe/Kiev": "Europa/Kiew",
    "Europe/Kirov": "Europa/Kirow",
    "Europe/Kyiv": "Europa/Kiew",
    "Europe/Lisbon": "Europa/Lissabon",
    "Europe/Ljubljana": "Europa/Ljubljana",
    "Europe/London": "Europa/London",
    "Europe/Luxembourg": "Europa/Luxemburg",
    "Europe/Madrid": "Europa/Madrid",
    "Europe/Malta": "Europa/Malta",
    "Europe/Mariehamn": "Europa/Mariehamn",
    "Europe/Minsk": "Europa/Minsk",
    "Europe/Monaco": "Europa/Monaco",
    "Europe/Moscow": "Europa/Moskau",
    "Europe/Nicosia": "Europa/Nikosia",
    "Europe/Oslo": "Europa/Oslo",
    "Europe/Paris": "Europa/Paris",
    "Europe/Podgorica": "Europa/Podgorica",
    "Europe/Prague": "Europa/Prag",
    "Europe/Riga": "Europa/Riga",
    "Europe/Rome": "Europa/Rom",
    "Europe/Samara": "Europa/Samara",
    "Europe/San_Marino": "Europa/San Marino",
    "Europe/Sarajevo": "Europa/Sarajevo",
    "Europe/Saratov": "Europa/Saratow",
    "Europe/Simferopol": "Europa/Simferopol",
    "Europe/Skopje": "Europa/Skopje",
    "Europe/Sofia": "Europa/Sofia",
    "Europe/Stockholm": "Europa/Stockholm",
    "Europe/Tallinn": "Europa/Tallinn",
    "Europe/Tirane": "Europa/Tirana",
    "Europe/Tiraspol": "Europa/Tiraspol",
    "Europe/Ulyanovsk": "Europa/Uljanowsk",
    "Europe/Uzhgorod": "Europa/Uschhorod",
    "Europe/Vaduz": "Europa/Vaduz",
    "Europe/Vatican": "Europa/Vatikanstadt",
    "Europe/Vienna": "Europa/Wien",
    "Europe/Vilnius": "Europa/Vilnius",
    "Europe/Volgograd": "Europa/Wolgograd",
    "Europe/Warsaw": "Europa/Warschau",
    "Europe/Zagreb": "Europa/Zagreb",
    "Europe/Zaporozhye": "Europa/Saporischschja",
    "Europe/Zurich": "Europa/Zürich",
    "Falkland Islands": "Falklandinseln",
    "Faroe Islands": "Färöer",
    "Fiji": "Fidschi",
    "Finland": "Finnland",
    "France": "Frankreich",
    "French Guiana": "Französisch-Guayana",
    "French Polynesia": "Französisch-Polynesien",
    "French Southern Territories": "Französische Süd- und Antarktisgebiete",
    "GB": "GB",
    "GB-Eire": "GB-Eire",
    "GMT": "GMT",
    "GMT-12:00": "GMT-12:00",
    "Gabon": "Gabun",
    "Gambia": "Gambia",
    "Georgia": "Georgien",
    "Germany": "Deutschland",
    "Ghana": "Ghana",
    "Gibraltar": "Gibraltar",
    "Greece": "Griechenland",
    "Greenland": "Grönland",
    "Grenada": "Grenada",
    "Guadeloupe": "Guadeloupe",
    "Guam": "Guam",
    "Guatemala": "Guatemala",
    "Guernsey": "Guernsey",
    "Guinea": "Guinea",
    "Guinea-Bissau": "Guinea-Bissau",
    "Guyana": "Guyana",
    "HST": "UTC-10",
    "Haiti": "Haiti",
    "Honduras": "Honduras",
    "Hong Kong": "Hongkong",
    "Hongkong": "Hongkong",
    "Hungary": "Ungarn",
    "Iceland": "Island",
    "India": "Indien",
    "Indian/Antananarivo": "Indischer Ozean/Antananarivo",
    "Indian/Chagos": "Indischer Ozean/Chagos-Archipel",
    "Indian/Christmas": "Indischer Ozean/Weihnachtsinsel",
    "Indian/Cocos": "Indischer Ozean/Kokosinsel",
    "Indian/Comoro": "Indischer Ozean/Comoro",
    "Indian/Kerguelen": "Indischer Ozean/Kerguelen-Archipel",
    "Indian/Mahe": "Indischer Ozean/Mahe",
    "Indian/Maldives": "Indischer Ozean/Malediven",
    "Indian/Mauritius": "Indischer Ozean/Mauritius",
    "Indian/Mayotte": "Indischer Ozean/Mayotte",
    "Indian/Reunion": "Indischer Ozean/Reunion",
    "Indonesia": "Indonesien",
    "Iran": "Iran",
    "Iraq": "Irak",
    "Ireland": "Irland",
    "Isle of Man": "Insel Man",
    "Israel": "Israel",
    "Italy": "Italien",
    "Ivory Coast": "Elfenbeinküste",
    "Jamaica": "Jamaika",
    "Japan": "Japan",
    "Jersey": "Jersey",
    "Jordan": "Jordanien",
    "Kazakhstan": "Kasachstan",
    "Kenya": "Kenia",
    "Kiribati": "Kiribati",
    "Kuwait": "Kuwait",
    "Kwajalein": "Kwajalein",
    "Kyrgyzstan": "Kirgisistan",
    "Laos": "Laos",
    "Latvia": "Lettland",
    "Lebanon": "Libanon",
    "Lesotho": "Lesotho",
    "Liberia": "Liberia",
    "Libya": "Libyen",
    "Liechtenstein": "Liechtenstein",
    "Lithuania": "Litauen",
    "Luxembourg": "Luxemburg",
    "MET": "CET",
    "MST": "UTC-7",
    "MST7MDT": "MST7MDT",
    "Macao": "Macau",
    "Madagascar": "Madagaskar",
    "Malawi": "Malawi",
    "Malaysia": "Malaysia",
    "Maldives": "Malediven",
    "Mali": "Mali",
    "Malta": "Malta",
    "Marshall Islands": "Marshallinseln",
    "Martinique": "Martinique",
    "Mauritania": "Mauretanien",
    "Mauritius": "Mauritius",
    "Mayotte": "Mayotte",
    "Mexico": "Mexiko",
    "Mexico/BajaNorte": "Mexiko/BajaNorte",
    "Mexico/BajaSur": "Mexiko/BajaSur",
    "Mexico/General": "Mexiko/Allgemein",
    "Micronesia": "Mikronesien",
    "Moldova": "Moldawien",
    "Monaco": "Monaco",
    "Mongolia": "Mongolei",
    "Montenegro": "Montenegro",
    "Montserrat": "Montserrat",
    "Morocco": "Marokko",
    "Mozambique": "Mosambik",
    "Myanmar": "Myanmar",
    "NZ": "NZ",
    "NZ-CHAT": "NZ-CHAT",
    "Namibia": "Namibia",
    "Nauru": "Nauru",
    "Navajo": "Navajo",
    "Nepal": "Nepal",
    "New Caledonia": "Neukaledonien",
    "New Zealand": "Neuseeland",
    "Nicaragua": "Nicaragua",
    "Niger": "Niger",
    "Nigeria": "Nigeria",
    "Niue": "Niue",
    "Norfolk Island": "Norfolkinsel",
    "North Korea": "Nordkorea",
    "North Macedonia": "Nordmazedonien",
    "Northern Mariana Islands": "Nördliche Marianen",
    "Norway": "Norwegen",
    "Oman": "Oman",
    "PRC": "VRC",
    "PST8PDT": "PST8PDT",
    "Pacific/Apia": "Pazifik/Apia",
    "Pacific/Auckland": "Pazifik/Auckland",
    "Pacific/Bougainville": "Pazifik/Bougainville",
    "Pacific/Chatham": "Pazifik/Chatham",
    "Pacific/Chuuk": "Pazifik/Chuuk",
    "Pacific/Easter": "Pazifik/Osterinseln",
    "Pacific/Efate": "Pazifik/Efate",
    "Pacific/Enderbury": "Pazifik/Enderbury",
    "Pacific/Fakaofo": "Pazifik/Fakaofo",
    "Pacific/Fiji": "Pazifik/Fidschi",
    "Pacific/Funafuti": "Pazifik/Funafuti",
    "Pacific/Galapagos": "Pazifik/Galapagos",
    "Pacific/Gambier": "Pazifik/Gambier",
    "Pacific/Guadalcanal": "Pazifik/Guadalcanal",
    "Pacific/Guam": "Pazifik/Guam",
    "Pacific/Honolulu": "Pazifik/Honolulu",
    "Pacific/Johnston": "Pazifik/Johnston",
    "Pacific/Kanton": "Pazifik/Kanton",
    "Pacific/Kiritimati": "Pazifik/Kiritimati",
    "Pacific/Kosrae": "Pazifik/Kosrae",
    "Pacific/Kwajalein": "Pazifik/Kwajalein",
    "Pacific/Majuro": "Pazifik/Majuro",
    "Pacific/Marquesas": "Pazifik/Marquesas",
    "Pacific/Midway": "Pazifik/Midwayinseln",
    "Pacific/Nauru": "Pazifik/Nauru",
    "Pacific/Niue": "Pazifik/Niue",
    "Pacific/Norfolk": "Pazifik/Norfolk",
    "Pacific/Noumea": "Pazifik/Noumea",
    "Pacific/Pago_Pago": "Pazifik/Pago Pago",
    "Pacific/Palau": "Pazifik/Palau",
    "Pacific/Pitcairn": "Pazifik/Pitcairn",
    "Pacific/Pohnpei": "Pazifik/Pohnpei",
    "Pacific/Ponape": "Pazifik/Ponape",
    "Pacific/Port_Moresby": "Pazifik/Port Moresby",
    "Pacific/Rarotonga": "Pazifik/Rarotonga",
    "Pacific/Saipan": "Pazifik/Saipan",
    "Pacific/Samoa": "Pazifik/Samoa",
    "Pacific/Tahiti": "Pazifik/Tahiti",
    "Pacific/Tarawa": "Pazifik/Tarawa",
    "Pacific/Tongatapu": "Pazifik/Tongatapu",
    "Pacific/Truk": "Pazifik/Truk",
    "Pacific/Wake": "Pazifik/Wake",
    "Pacific/Wallis": "Pazifik/Wallis",
    "Pacific/Yap": "Pazifik/Yap",
    "Pakistan": "Pakistan",
    "Palau": "Palau",
    "Palestinian Territory": "Palästinensische Autonomiegebiete",
    "Panama": "Panama",
    "Papua New Guinea": "Papua-Neuguinea",
    "Paraguay": "Paraguay",
    "Peru": "Peru",
    "Philippines": "Philippinen",
    "Pitcairn": "Pitcairninseln",
    "Poland": "Polen",
    "Portugal": "Portugal",
    "Puerto Rico": "Puerto Rico",
    "Qatar": "Katar",
    "ROC": "ROC",
    "ROK": "ROK",
    "Republic of the Congo": "Republik Kongo",
    "Reunion": "Réunion",
    "Romania": "Rumänien",
    "Russia": "Russland",
    "Rwanda": "Ruanda",
    "Saint Barthelemy": "Saint-Barthélemy",
    "Saint Helena": "St. Helena",
    "Saint Kitts and Nevis": "Saint Kitts und Nevis",
    "Saint Lucia": "Saint Lucia",
    "Saint Martin": "Saint Martin",
    "Saint Pierre and Miquelon": "Saint-Pierre und Miquelon",
    "Saint Vincent and the Grenadines": "St. Vincent und die Grenadinen",
    "Samoa": "Samoa",
    "San Marino": "San Marino",
    "Sao Tome and Principe": "São Tomé und Príncipe",
    "Saudi Arabia": "Saudi-Arabien",
    "Senegal": "Senegal",
    "Serbia": "Serbien",
    "Seychelles": "Seychellen",
    "Sierra Leone": "Sierra Leone",
    "Singapore": "Singapur",
    "Sint Maarten": "Sint Maarten",
    "Slovakia": "Slowakei",
    "Slovenia": "Slowenien",
    "Solomon Islands": "Salomonen",
    "Somalia": "Somalia",
    "South Africa": "Südafrika",
    "South Georgia and the South Sandwich Islands": "Südgeorgien und die Südlichen Sandwichinseln",
    "South Korea": "Südkorea",
    "South Sudan": "Südsudan",
    "Spain": "Spanien",
    "Sri Lanka": "Sri Lanka",
    "Sudan": "Sudan",
    "Suriname": "Suriname",
    "Svalbard and Jan Mayen": "Spitzbergen und Jan Mayen",
    "Sweden": "Schweden",
    "Switzerland": "Schweiz",
    "Syria": "Syrien",
    "Taiwan": "Taiwan",
    "Tajikistan": "Tadschikistan",
    "Tanzania": "Tansania",
    "Thailand": "Thailand",
    "The Netherlands": "Niederlande",
    "Timor Leste": "Osttimor",
    "Togo": "Togo",
    "Tokelau": "Tokelau",
    "Tonga": "Tonga",
    "Trinidad and Tobago": "Trinidad und Tobago",
    "Tunisia": "Tunesien",
    "Turkey": "Türkei",
    "Turkmenistan": "Turkmenistan",
    "Turks and Caicos Islands": "Turks- und Caicosinseln",
    "Tuvalu": "Tuvalu",
    "U.S. Virgin Islands": "Amerikanische Jungferninseln",
    "US/Alaska": "USA/Alaska",
    "US/Aleutian": "USA/Aleuten",
    "US/Arizona": "USA/Arizona",
    "US/Central": "USA/Zentral",
    "US/East-Indiana": "USA/Ostindien",
    "US/Eastern": "USA/Osten",
    "US/Hawaii": "USA/Hawaii",
    "US/Indiana-Starke": "USA/Indiana-Starke",
    "US/Michigan": "USA/Michigan",
    "US/Mountain": "USA/Mountain",
    "US/Pacific": "USA/Pazifik",
    "US/Samoa": "USA/Samoa",
    "UTC": "UTC",
    "Uganda": "Uganda",
    "Ukraine": "Ukraine",
    "United Arab Emirates": "Vereinigte Arabische Emirate",
    "United Kingdom": "Vereinigtes Königreich",
    "United States Minor Outlying Islands": "United States Minor Outlying Islands",
    "United States": "Vereinigte Staaten",
    "Uruguay": "Uruguay",
    "Uzbekistan": "Usbekistan",
    "Vanuatu": "Vanuatu",
    "Vatican": "Vatikanstadt",
    "Venezuela": "Venezuela",
    "Vietnam": "Vietnam",
    "W-SU": "W-SU",
    "WET": "WET",
    "Wallis and Futuna": "Wallis und Futuna",
    "Western Sahara": "Westsahara",
    "Yemen": "Jemen",
    "Zambia": "Sambia",
    "Zimbabwe": "Simbabwe",
    "all": "Alle",
    "default": "Standard",
    "localAndWorkspaceDefault": "(Lokal und Arbeitsbereich-Standard)",
    "localDefault": "(Lokal)",
    "selectZone": "Nach Region, Land oder Stadt suchen",
    "timeZones": "Zeitzonen",
    "workspaceDefault": "(Arbeitsbereich-Standard)"
  },
  "gux-toggle": {
    "defaultAriaLabel": "Umschalter",
    "toggleIsLoading": "Umschalten wird geladen",
    "toggleIsFinishedLoading": "Umschalten wurde fertig geladen"
  }
}
