{
  "gux-action-button": {
    "moreOptions": "More options"
  },
  "gux-advanced-dropdown-legacy": {
    "searchAria": "Search"
  },
  "gux-avatar": {
    "notifications": "Notifications"
  },
  "gux-avatar-change-photo": {
    "changePhoto": "Change profile photo"
  },
  "gux-badge": {
    "info": "badge with label: {label}, accent: info",
    "info-bold": "badge with label: {label}, accent: info bold",
    "success": "badge with label: {label}, accent: success",
    "success-bold": "badge with label: {label}, accent: success bold",
    "warning": "badge with label: {label}, accent: warning",
    "warning-bold": "badge with label: {label}, accent: warning bold",
    "error": "badge with label: {label}, accent: error",
    "error-bold": "badge with label: {label}, accent: error error",
    "inherit": "badge with label: {label}",
    "inherit-bold": "badge with label: {label}, bold"
  },
  "gux-breadcrumbs": {
    "breadcrumbs": "Breadcrumbs"
  },
  "gux-calendar-beta": {
    "previousMonth": "Previous month: {localizedPreviousMonthAndYear}",
    "nextMonth": "Next month: {localizedNextMonthAndYear}"
  },
  "gux-column-manager": {
    "search": "Search",
    "searchResults": "search results",
    "selectedColumnCount": "{count} / {total} Columns Selected",
    "selectAllColumnsScreenReader": "{count} of {total} columns selected: check checkbox to select all {total} columns",
    "unselectAllColumnsScreenReader": "{count} of {total} columns selected: uncheck checkbox to unselect all {total} columns",
    "movePositionPrompt": "Press space or enter to move the {columnName} column to position {newPositionNumber} from position {oldPositionNumber}.",
    "reorderingModeActive": "Reordering mode active. Reposition the {columnName} column using the up arrow key, the down arrow key, the home key and the end key. Press Escape to deactivate reordering mode."
  },
  "gux-column-manager-item": {
    "activateReordering": "Activate reordering mode for {columnName} column"
  },
  "gux-content-search": {
    "eraseBtnAria": "Clear search text",
    "navigateNextBtn": "Highlight next match",
    "navigatePreviousBtn": "Highlight previous match",
    "totalMatches": "{currentMatch, number} of {matchCount, number}",
    "clear": "Clear"
  },
  "gux-context-menu": {
    "contextMenuScreenreaderText": "Context menu"
  },
  "gux-copy-to-clipboard": {
    "clickToCopy": "Click to Copy",
    "enterToCopy": "Press Enter to Copy",
    "copySuccess": "Copied to Clipboard",
    "copyFailure": "Error. Please Try Again."
  },
  "gux-create-option": {
    "createCustomOptionInstructions": ", select to create a new custom option",
    "createOption": "Add \"{optionValue}\""
  },
  "gux-datepicker": {
    "start": "Start",
    "end": "End",
    "date": "Date",
    "toggleCalendar": "Toggle calendar view"
  },
  "gux-disclosure-button-legacy": {
    "defaultLabel": "Disclosure button"
  },
  "gux-dismiss-button": {
    "dismiss": "Dismiss"
  },
  "gux-dropdown": {
    "filterResults": "Type to filter dropdown results",
    "noSelection": "Select...",
    "dropdown": "Dropdown"
  },
  "gux-dropdown-multi": {
    "textInputResults": "Type to filter dropdown results",
    "noSelection": "Select...",
    "dropdown": "Dropdown",
    "numberSelected": "{numberSelected} selected",
    "pressEnterToCreate": "Press Enter to create new option, {textInputValue}"
  },
  "gux-dropdown-multi-tag": {
    "clearSelection": "Clear {numberSelected} selected items"
  },
  "gux-form-field-checkbox-group": {
    "required": "Required"
  },
  "gux-form-field-dropdown": {
    "required": "Required"
  },
  "gux-form-field-input-clear-button": {
    "clear": "Clear"
  },
  "gux-form-field-number": {
    "increment": "Increment",
    "decrement": "Decrement"
  },
  "gux-form-field-optional-indicator": {
    "optional": "optional"
  },
  "gux-form-field-phone": {
    "required": "Required"
  },
  "gux-form-field-radio-group": {
    "required": "Required"
  },
  "gux-form-field-time-picker": {
    "required": "Required"
  },
  "gux-form-field-time-zone-picker": {
    "required": "Required"
  },
  "gux-inline-alert": {
    "info": "Information alert with message",
    "success": "Success alert with message",
    "warning": "Warning alert with message",
    "error": "Error alert with message"
  },
  "gux-listbox": {
    "noMatches": "No matches",
    "loading": "Loading..."
  },
  "gux-listbox-multi": {
    "add": "Add {name}",
    "noMatches": "No matches",
    "loading": "Loading..."
  },
  "gux-month-calendar": {
    "changeYear": "Current year is {currentYear}, Click to change year to {changeYear}"
  },
  "gux-month-picker": {
    "toggleCalendar": "Toggle month calendar view",
    "month": "Month",
    "year": "Year",
    "unset": "Unset"
  },
  "gux-option-multi": {
    "removeCustomElementInstructions": ", unselecting this custom option will remove it from the list"
  },
  "gux-pagination-buttons": {
    "page": "Page",
    "totalPages": " of {totalPages, number}",
    "firstPage": "First page",
    "previousPage": "Previous page",
    "nextPage": "Next page",
    "lastPage": "Last page",
    "pageInputLabel": "Page {currentPage, number} of {totalPages, number}",
    "goToPage": "Go to page",
    "pageNumber": "Page {pageNumber}",
    "pageSelected": "Page {pageSelected} selected"
  },
  "gux-pagination-buttons-legacy": {
    "page": "Page",
    "totalPages": " of {totalPages, number}",
    "first": "First",
    "previous": "Previous",
    "next": "Next",
    "last": "Last",
    "pageInputLabel": "Page {currentPage, number} of {totalPages, number}"
  },
  "gux-pagination-cursor": {
    "previous": "Previous",
    "next": "Next"
  },
  "gux-pagination-item-counts": {
    "itemCountDisplay": "{firstItem, number} - {lastItem, number}",
    "totalItems": " of {totalItems, number}"
  },
  "gux-pagination-item-counts-legacy": {
    "itemCountDisplay": "{firstItem, number} - {lastItem, number}",
    "totalItems": " of {totalItems, number}"
  },
  "gux-pagination-items-per-page": {
    "perPage": "per page",
    "itemsPerPage": "Items per page",
    "rangeSelected": "Items per page dropdown, {range} items per page selected"
  },
  "gux-pagination-items-per-page-legacy": {
    "perPage": "per page",
    "itemsPerPage": "Items per page",
    "rangeSelected": "Items per page dropdown, {range} selected"
  },
  "gux-phone-input": {
    "AD": "Andorra",
    "AE": "United Arab Emirates",
    "AF": "Afghanistan",
    "AG": "Antigua and Barbuda",
    "AI": "Anguilla",
    "AL": "Albania",
    "AM": "Armenia",
    "AO": "Angola",
    "AR": "Argentina",
    "AS": "American Samoa",
    "AT": "Austria",
    "AU": "Australia",
    "AW": "Aruba",
    "AX": "Åland Islands",
    "AZ": "Azerbaijan",
    "BA": "Bosnia and Herzegovina",
    "BB": "Barbados",
    "BD": "Bangladesh",
    "BE": "Belgium",
    "BF": "Burkina Faso",
    "BG": "Bulgaria",
    "BH": "Bahrain",
    "BI": "Burundi",
    "BJ": "Benin",
    "BL": "Saint Barthelemy",
    "BM": "Bermuda",
    "BN": "Brunei",
    "BO": "Bolivia",
    "BQ": "Caribbean Netherlands",
    "BR": "Brazil",
    "BS": "Bahamas",
    "BT": "Bhutan",
    "BV": "Bouvet Island",
    "BW": "Botswana",
    "BY": "Belarus",
    "BZ": "Belize",
    "CA": "Canada",
    "CC": "Cocos Islands",
    "CD": "Democratic Republic of the Congo",
    "CF": "Central African Republic",
    "CG": "Republic of the Congo",
    "CH": "Switzerland",
    "CI": "Ivory Coast",
    "CK": "Cook Islands",
    "CL": "Chile",
    "CM": "Cameroon",
    "CN": "China",
    "CO": "Colombia",
    "CR": "Costa Rica",
    "CU": "Cuba",
    "CV": "Cape Verde",
    "CW": "Curacao",
    "CX": "Christmas Island",
    "CY": "Cyprus",
    "CZ": "Czech Republic",
    "DE": "Germany",
    "DJ": "Djibouti",
    "DK": "Denmark",
    "DM": "Dominica",
    "DO": "Dominican Republic",
    "DZ": "Algeria",
    "EC": "Ecuador",
    "EE": "Estonia",
    "EG": "Egypt",
    "EH": "Western Sahara",
    "ER": "Eritrea",
    "ES": "Spain",
    "ET": "Ethiopia",
    "FI": "Finland",
    "FJ": "Fiji",
    "FK": "Falkland Islands",
    "FM": "Micronesia",
    "FO": "Faroe Islands",
    "FR": "France",
    "GA": "Gabon",
    "GB": "United Kingdom",
    "GD": "Grenada",
    "GE": "Georgia",
    "GF": "French Guiana",
    "GG": "Guernsey",
    "GH": "Ghana",
    "GI": "Gibraltar",
    "GL": "Greenland",
    "GM": "Gambia",
    "GN": "Guinea",
    "GP": "Guadeloupe",
    "GQ": "Equatorial Guinea",
    "GR": "Greece",
    "GS": "South Georgia and the South Sandwich Islands",
    "GT": "Guatemala",
    "GU": "Guam",
    "GW": "Guinea-Bissau",
    "GY": "Guyana",
    "HK": "Hong Kong",
    "HN": "Honduras",
    "HR": "Croatia",
    "HT": "Haiti",
    "HU": "Hungary",
    "ID": "Indonesia",
    "IE": "Ireland",
    "IL": "Israel",
    "IM": "Isle of Man",
    "IN": "India",
    "IO": "British Indian Ocean Territory",
    "IQ": "Iraq",
    "IR": "Iran",
    "IS": "Iceland",
    "IT": "Italy",
    "JE": "Jersey",
    "JM": "Jamaica",
    "JO": "Jordan",
    "JP": "Japan",
    "KE": "Kenya",
    "KG": "Kyrgyzstan",
    "KH": "Cambodia",
    "KI": "Kiribati",
    "KM": "Comoros",
    "KN": "Saint Kitts and Nevis",
    "KP": "North Korea",
    "KR": "South Korea",
    "KW": "Kuwait",
    "KY": "Cayman Islands",
    "KZ": "Kazakhstan",
    "LA": "Laos",
    "LB": "Lebanon",
    "LC": "Saint Lucia",
    "LI": "Liechtenstein",
    "LK": "Sri Lanka",
    "LR": "Liberia",
    "LS": "Lesotho",
    "LT": "Lithuania",
    "LU": "Luxembourg",
    "LV": "Latvia",
    "LY": "Libya",
    "MA": "Morocco",
    "MC": "Monaco",
    "MD": "Moldova",
    "ME": "Montenegro",
    "MF": "Saint Martin",
    "MG": "Madagascar",
    "MH": "Marshall Islands",
    "MK": "Macedonia",
    "ML": "Mali",
    "MM": "Myanmar",
    "MN": "Mongolia",
    "MO": "Macau",
    "MP": "Northern Mariana Islands",
    "MQ": "Martinique",
    "MR": "Mauritania",
    "MS": "Montserrat",
    "MT": "Malta",
    "MU": "Mauritius",
    "MV": "Maldives",
    "MW": "Malawi",
    "MX": "Mexico",
    "MY": "Malaysia",
    "MZ": "Mozambique",
    "NA": "Namibia",
    "NC": "New Caledonia",
    "NE": "Niger",
    "NF": "Norfolk Island",
    "NG": "Nigeria",
    "NI": "Nicaragua",
    "NL": "Netherlands",
    "NO": "Norway",
    "NP": "Nepal",
    "NR": "Nauru",
    "NU": "Niue",
    "NZ": "New Zealand",
    "OM": "Oman",
    "PA": "Panama",
    "PE": "Peru",
    "PF": "French Polynesia",
    "PG": "Papua New Guinea",
    "PH": "Philippines",
    "PK": "Pakistan",
    "PL": "Poland",
    "PM": "Saint Pierre and Miquelon",
    "PN": "Pitcairn",
    "PR": "Puerto Rico",
    "PS": "Palestine",
    "PT": "Portugal",
    "PW": "Palau",
    "PY": "Paraguay",
    "QA": "Qatar",
    "RE": "Reunion",
    "RO": "Romania",
    "RS": "Serbia",
    "RU": "Russia",
    "RW": "Rwanda",
    "SA": "Saudi Arabia",
    "SB": "Solomon Islands",
    "SC": "Seychelles",
    "SD": "Sudan",
    "SE": "Sweden",
    "SG": "Singapore",
    "SH": "Saint Helena",
    "SI": "Slovenia",
    "SJ": "Svalbard and Jan Mayen",
    "SK": "Slovakia",
    "SL": "Sierra Leone",
    "SM": "San Marino",
    "SN": "Senegal",
    "SO": "Somalia",
    "SR": "Suriname",
    "SS": "South Sudan",
    "ST": "Sao Tome and Principe",
    "SV": "El Salvador",
    "SX": "Sint Maarten",
    "SY": "Syria",
    "SZ": "Swaziland",
    "TC": "Turks and Caicos Islands",
    "TD": "Chad",
    "TG": "Togo",
    "TH": "Thailand",
    "TJ": "Tajikistan",
    "TK": "Tokelau",
    "TL": "East Timor",
    "TM": "Turkmenistan",
    "TN": "Tunisia",
    "TO": "Tonga",
    "TR": "Turkey",
    "TT": "Trinidad and Tobago",
    "TV": "Tuvalu",
    "TW": "Taiwan",
    "TZ": "Tanzania",
    "UA": "Ukraine",
    "UG": "Uganda",
    "US": "United States",
    "UY": "Uruguay",
    "UZ": "Uzbekistan",
    "VA": "Vatican",
    "VC": "Saint Vincent and the Grenadines",
    "VE": "Venezuela",
    "VG": "British Virgin Islands",
    "VI": "U.S. Virgin Islands",
    "VN": "Vietnam",
    "VU": "Vanuatu",
    "WF": "Wallis and Futuna",
    "WS": "Samoa",
    "XK": "Kosovo",
    "YE": "Yemen",
    "YT": "Mayotte",
    "ZA": "South Africa",
    "ZM": "Zambia",
    "ZW": "Zimbabwe",
    "unknownRegion": "Unknown Region",
    "regionDropdown": "Region Dropdown",
    "regionDropdownButton": "Region Dropdown Button"
  },
  "gux-radial-loading": {
    "loading": "Loading"
  },
  "gux-rich-text-editor-action": {
    "bold": "Bold",
    "italic": "Italic",
    "underline": "Underline",
    "strike": "Strike"
  },
  "gux-skip-navigation-list": {
    "navigationName": "Skip links navigation"
  },
  "gux-table": {
    "emptyMessage": "No data available",
    "scrollLeft": "Scroll Left",
    "scrollRight": "Scroll Right",
    "selectAllTableRows": "Select All Table Rows",
    "selectTableRow": "Select Table Row",
    "sortAsc": "Sorted Ascending",
    "sortDesc": "Sorted Descending",
    "tableOptions": "Table Options",
    "noColumnSort": "{headerContent}. The table is not currently sorted by this column. Click the column header to sort the table by this column in ascending order",
    "ascendingColumnSort": "{headerContent}. The table is currently sorted by this column in ascending order. Click the column header to sort the table by this column in descending order",
    "descendingColumnSort": "{headerContent}. The table is currently sorted by this column in descending order. Click the column header to sort the table by this column in ascending order",
    "descendingColumnSortIncludeUnsorted": "{headerContent}. The table is currently sorted by this column in descending order. Click the column header to not sort the table by this column"
  },
  "gux-table-toolbar-action": {
    "actionRefresh": "Refresh",
    "actionDelete": "Delete",
    "actionExport": "Export",
    "actionImport": "Import",
    "actionRevert": "Revert",
    "actionAdd": "Add"
  },
  "gux-table-toolbar-menu-button": {
    "additionalActions": "Additional Actions"
  },
  "gux-tabs": {
    "scrollLeft": "Scroll Left",
    "scrollRight": "Scroll Right",
    "scrollUp": "Scroll Up",
    "scrollDown": "Scroll Down"
  },
  "gux-tabs-advanced": {
    "createNewTab": "Create New Tab",
    "scrollLeft": "Scroll Left",
    "scrollRight": "Scroll Right",
    "options": "Tab Options for {tabTitle}",
    "disableNewTab": "Maximum number of tabs created has been reached",
    "toggleSort": "Toggle sort mode using space",
    "sortModeOn": "Sort mode on, use the left and right arrow keys to reorder tabs. Press space or enter key to complete sort. Press escape key to cancel sort",
    "sortComplete": "Sort complete",
    "sortCancelled": "Sort cancelled"
  },
  "gux-tag": {
    "tag": "tag with label: {label}",
    "tag-disabled": "disabled tag with label: {label}",
    "remove-tag": "Remove tag with label: {label}"
  },
  "gux-time-picker": {
    "am": "AM",
    "time-separator": ":",
    "clockButton": "Toggle suggested times",
    "hoursInput": "Input hours",
    "minutesInput": "Input minutes",
    "pm": "PM",
    "timeOptionsState": "Time options open: {state}",
    "toggleAmPM": "{amOrPm} selected, click to toggle"
  },
  "gux-time-zone-picker": {
    "selectZone": "Search by region, country, or city",
    "default": "Default",
    "all": "All",
    "timeZones": "Time zones",
    "workspaceDefault": "(Workspace default)",
    "localDefault": "(Local)",
    "localAndWorkspaceDefault": "(Local and Workspace Default)",
    "Africa/Abidjan": "Africa/Abidjan",
    "Africa/Accra": "Africa/Accra",
    "Africa/Addis_Ababa": "Africa/Addis_Ababa",
    "Africa/Algiers": "Africa/Algiers",
    "Africa/Asmara": "Africa/Asmara",
    "Africa/Bamako": "Africa/Bamako",
    "Africa/Bangui": "Africa/Bangui",
    "Africa/Banjul": "Africa/Banjul",
    "Africa/Bissau": "Africa/Bissau",
    "Africa/Blantyre": "Africa/Blantyre",
    "Africa/Brazzaville": "Africa/Brazzaville",
    "Africa/Bujumbura": "Africa/Bujumbura",
    "Africa/Cairo": "Africa/Cairo",
    "Africa/Casablanca": "Africa/Casablanca",
    "Africa/Ceuta": "Africa/Ceuta",
    "Africa/Conakry": "Africa/Conakry",
    "Africa/Dakar": "Africa/Dakar",
    "Africa/Dar_es_Salaam": "Africa/Dar_es_Salaam",
    "Africa/Djibouti": "Africa/Djibouti",
    "Africa/Douala": "Africa/Douala",
    "Africa/El_Aaiun": "Africa/El_Aaiun",
    "Africa/Freetown": "Africa/Freetown",
    "Africa/Gaborone": "Africa/Gaborone",
    "Africa/Harare": "Africa/Harare",
    "Africa/Johannesburg": "Africa/Johannesburg",
    "Africa/Juba": "Africa/Juba",
    "Africa/Kampala": "Africa/Kampala",
    "Africa/Khartoum": "Africa/Khartoum",
    "Africa/Kigali": "Africa/Kigali",
    "Africa/Kinshasa": "Africa/Kinshasa",
    "Africa/Lagos": "Africa/Lagos",
    "Africa/Libreville": "Africa/Libreville",
    "Africa/Lome": "Africa/Lome",
    "Africa/Luanda": "Africa/Luanda",
    "Africa/Lubumbashi": "Africa/Lubumbashi",
    "Africa/Lusaka": "Africa/Lusaka",
    "Africa/Malabo": "Africa/Malabo",
    "Africa/Maputo": "Africa/Maputo",
    "Africa/Maseru": "Africa/Maseru",
    "Africa/Mbabane": "Africa/Mbabane",
    "Africa/Mogadishu": "Africa/Mogadishu",
    "Africa/Monrovia": "Africa/Monrovia",
    "Africa/Nairobi": "Africa/Nairobi",
    "Africa/Ndjamena": "Africa/Ndjamena",
    "Africa/Niamey": "Africa/Niamey",
    "Africa/Nouakchott": "Africa/Nouakchott",
    "Africa/Ouagadougou": "Africa/Ouagadougou",
    "Africa/Porto-Novo": "Africa/Porto-Novo",
    "Africa/Sao_Tome": "Africa/Sao_Tome",
    "Africa/Tripoli": "Africa/Tripoli",
    "Africa/Tunis": "Africa/Tunis",
    "Africa/Windhoek": "Africa/Windhoek",
    "America/Adak": "America/Adak",
    "America/Anchorage": "America/Anchorage",
    "America/Anguilla": "America/Anguilla",
    "America/Antigua": "America/Antigua",
    "America/Araguaina": "America/Araguaina",
    "America/Argentina/Buenos_Aires": "America/Argentina/Buenos_Aires",
    "America/Argentina/Catamarca": "America/Argentina/Catamarca",
    "America/Argentina/Cordoba": "America/Argentina/Cordoba",
    "America/Argentina/Jujuy": "America/Argentina/Jujuy",
    "America/Argentina/La_Rioja": "America/Argentina/La_Rioja",
    "America/Argentina/Mendoza": "America/Argentina/Mendoza",
    "America/Argentina/Rio_Gallegos": "America/Argentina/Rio_Gallegos",
    "America/Argentina/Salta": "America/Argentina/Salta",
    "America/Argentina/San_Juan": "America/Argentina/San_Juan",
    "America/Argentina/San_Luis": "America/Argentina/San_Luis",
    "America/Argentina/Tucuman": "America/Argentina/Tucuman",
    "America/Argentina/Ushuaia": "America/Argentina/Ushuaia",
    "America/Aruba": "America/Aruba",
    "America/Asuncion": "America/Asuncion",
    "America/Atikokan": "America/Atikokan",
    "America/Bahia_Banderas": "America/Bahia_Banderas",
    "America/Bahia": "America/Bahia",
    "America/Barbados": "America/Barbados",
    "America/Belem": "America/Belem",
    "America/Belize": "America/Belize",
    "America/Blanc-Sablon": "America/Blanc-Sablon",
    "America/Boa_Vista": "America/Boa_Vista",
    "America/Bogota": "America/Bogota",
    "America/Boise": "America/Boise",
    "America/Buenos_Aires": "America/Buenos_Aires",
    "America/Cambridge_Bay": "America/Cambridge_Bay",
    "America/Campo_Grande": "America/Campo_Grande",
    "America/Cancun": "America/Cancun",
    "America/Caracas": "America/Caracas",
    "America/Cayenne": "America/Cayenne",
    "America/Cayman": "America/Cayman",
    "America/Chicago": "America/Chicago",
    "America/Chihuahua": "America/Chihuahua",
    "America/Costa_Rica": "America/Costa_Rica",
    "America/Creston": "America/Creston",
    "America/Cuiaba": "America/Cuiaba",
    "America/Curacao": "America/Curacao",
    "America/Danmarkshavn": "America/Danmarkshavn",
    "America/Dawson_Creek": "America/Dawson_Creek",
    "America/Dawson": "America/Dawson",
    "America/Denver": "America/Denver",
    "America/Detroit": "America/Detroit",
    "America/Dominica": "America/Dominica",
    "America/Edmonton": "America/Edmonton",
    "America/Eirunepe": "America/Eirunepe",
    "America/El_Salvador": "America/El_Salvador",
    "America/Fortaleza": "America/Fortaleza",
    "America/Fort_Nelson": "America/Fort_Nelson",
    "America/Glace_Bay": "America/Glace_Bay",
    "America/Godthab": "America/Godthab",
    "America/Goose_Bay": "America/Goose_Bay",
    "America/Grand_Turk": "America/Grand_Turk",
    "America/Grenada": "America/Grenada",
    "America/Guadeloupe": "America/Guadeloupe",
    "America/Guatemala": "America/Guatemala",
    "America/Guayaquil": "America/Guayaquil",
    "America/Guyana": "America/Guyana",
    "America/Halifax": "America/Halifax",
    "America/Havana": "America/Havana",
    "America/Hermosillo": "America/Hermosillo",
    "America/Indiana/Indianapolis": "America/Indiana/Indianapolis",
    "America/Indiana/Knox": "America/Indiana/Knox",
    "America/Indiana/Marengo": "America/Indiana/Marengo",
    "America/Indiana/Petersburg": "America/Indiana/Petersburg",
    "America/Indiana/Tell_City": "America/Indiana/Tell_City",
    "America/Indiana/Vevay": "America/Indiana/Vevay",
    "America/Indiana/Vincennes": "America/Indiana/Vincennes",
    "America/Indiana/Winamac": "America/Indiana/Winamac",
    "America/Indianapolis": "America/Indianapolis",
    "America/Inuvik": "America/Inuvik",
    "America/Iqaluit": "America/Iqaluit",
    "America/Jamaica": "America/Jamaica",
    "America/Juneau": "America/Juneau",
    "America/Kentucky/Louisville": "America/Kentucky/Louisville",
    "America/Kentucky/Monticello": "America/Kentucky/Monticello",
    "America/Kralendijk": "America/Kralendijk",
    "America/La_Paz": "America/La_Paz",
    "America/Lima": "America/Lima",
    "America/Los_Angeles": "America/Los_Angeles",
    "America/Lower_Princes": "America/Lower_Princes",
    "America/Maceio": "America/Maceio",
    "America/Managua": "America/Managua",
    "America/Manaus": "America/Manaus",
    "America/Marigot": "America/Marigot",
    "America/Martinique": "America/Martinique",
    "America/Matamoros": "America/Matamoros",
    "America/Mazatlan": "America/Mazatlan",
    "America/Menominee": "America/Menominee",
    "America/Merida": "America/Merida",
    "America/Metlakatla": "America/Metlakatla",
    "America/Mexico_City": "America/Mexico_City",
    "America/Miquelon": "America/Miquelon",
    "America/Moncton": "America/Moncton",
    "America/Monterrey": "America/Monterrey",
    "America/Montevideo": "America/Montevideo",
    "America/Montreal": "America/Montreal",
    "America/Montserrat": "America/Montserrat",
    "America/Nassau": "America/Nassau",
    "America/New_York": "America/New_York",
    "America/Nipigon": "America/Nipigon",
    "America/Nome": "America/Nome",
    "America/Noronha": "America/Noronha",
    "America/North_Dakota/Beulah": "America/North_Dakota/Beulah",
    "America/North_Dakota/Center": "America/North_Dakota/Center",
    "America/North_Dakota/New_Salem": "America/North_Dakota/New_Salem",
    "America/Ojinaga": "America/Ojinaga",
    "America/Panama": "America/Panama",
    "America/Pangnirtung": "America/Pangnirtung",
    "America/Paramaribo": "America/Paramaribo",
    "America/Phoenix": "America/Phoenix",
    "America/Port_of_Spain": "America/Port_of_Spain",
    "America/Port-au-Prince": "America/Port-au-Prince",
    "America/Porto_Velho": "America/Porto_Velho",
    "America/Puerto_Rico": "America/Puerto_Rico",
    "America/Punta_Arenas": "America/Punta_Arenas",
    "America/Rainy_River": "America/Rainy_River",
    "America/Rankin_Inlet": "America/Rankin_Inlet",
    "America/Recife": "America/Recife",
    "America/Regina": "America/Regina",
    "America/Resolute": "America/Resolute",
    "America/Rio_Branco": "America/Rio_Branco",
    "America/Santa_Isabel": "America/Santa_Isabel",
    "America/Santarem": "America/Santarem",
    "America/Santiago": "America/Santiago",
    "America/Santo_Domingo": "America/Santo_Domingo",
    "America/Sao_Paulo": "America/Sao_Paulo",
    "America/Scoresbysund": "America/Scoresbysund",
    "America/Sitka": "America/Sitka",
    "America/St_Barthelemy": "America/St_Barthelemy",
    "America/St_Johns": "America/St_Johns",
    "America/St_Kitts": "America/St_Kitts",
    "America/St_Lucia": "America/St_Lucia",
    "America/St_Thomas": "America/St_Thomas",
    "America/St_Vincent": "America/St_Vincent",
    "America/Swift_Current": "America/Swift_Current",
    "America/Tegucigalpa": "America/Tegucigalpa",
    "America/Thule": "America/Thule",
    "America/Thunder_Bay": "America/Thunder_Bay",
    "America/Tijuana": "America/Tijuana",
    "America/Toronto": "America/Toronto",
    "America/Tortola": "America/Tortola",
    "America/Vancouver": "America/Vancouver",
    "America/Whitehorse": "America/Whitehorse",
    "America/Winnipeg": "America/Winnipeg",
    "America/Yakutat": "America/Yakutat",
    "America/Yellowknife": "America/Yellowknife",
    "Antarctica/Casey": "Antarctica/Casey",
    "Antarctica/Davis": "Antarctica/Davis",
    "Antarctica/DumontDUrville": "Antarctica/DumontDUrville",
    "Antarctica/Macquarie": "Antarctica/Macquarie",
    "Antarctica/Mawson": "Antarctica/Mawson",
    "Antarctica/McMurdo": "Antarctica/McMurdo",
    "Antarctica/Palmer": "Antarctica/Palmer",
    "Antarctica/Rothera": "Antarctica/Rothera",
    "Antarctica/Syowa": "Antarctica/Syowa",
    "Antarctica/Troll": "Antarctica/Troll",
    "Antarctica/Vostok": "Antarctica/Vostok",
    "Arctic/Longyearbyen": "Arctic/Longyearbyen",
    "Asia/Aden": "Asia/Aden",
    "Asia/Almaty": "Asia/Almaty",
    "Asia/Amman": "Asia/Amman",
    "Asia/Anadyr": "Asia/Anadyr",
    "Asia/Aqtau": "Asia/Aqtau",
    "Asia/Aqtobe": "Asia/Aqtobe",
    "Asia/Ashgabat": "Asia/Ashgabat",
    "Asia/Atyrau": "Asia/Atyrau",
    "Asia/Baghdad": "Asia/Baghdad",
    "Asia/Bahrain": "Asia/Bahrain",
    "Asia/Baku": "Asia/Baku",
    "Asia/Bangkok": "Asia/Bangkok",
    "Asia/Barnaul": "Asia/Barnaul",
    "Asia/Beirut": "Asia/Beirut",
    "Asia/Bishkek": "Asia/Bishkek",
    "Asia/Brunei": "Asia/Brunei",
    "Asia/Calcutta": "Asia/Calcutta",
    "Asia/Chita": "Asia/Chita",
    "Asia/Choibalsan": "Asia/Choibalsan",
    "Asia/Chongqing": "Asia/Chongqing",
    "Asia/Colombo": "Asia/Colombo",
    "Asia/Damascus": "Asia/Damascus",
    "Asia/Dhaka": "Asia/Dhaka",
    "Asia/Dili": "Asia/Dili",
    "Asia/Dubai": "Asia/Dubai",
    "Asia/Dushanbe": "Asia/Dushanbe",
    "Asia/Famagusta": "Asia/Famagusta",
    "Asia/Gaza": "Asia/Gaza",
    "Asia/Harbin": "Asia/Harbin",
    "Asia/Hebron": "Asia/Hebron",
    "Asia/Ho_Chi_Minh": "Asia/Ho_Chi_Minh",
    "Asia/Hong_Kong": "Asia/Hong_Kong",
    "Asia/Hovd": "Asia/Hovd",
    "Asia/Irkutsk": "Asia/Irkutsk",
    "Asia/Istanbul": "Asia/Istanbul",
    "Asia/Jakarta": "Asia/Jakarta",
    "Asia/Jayapura": "Asia/Jayapura",
    "Asia/Jerusalem": "Asia/Jerusalem",
    "Asia/Kabul": "Asia/Kabul",
    "Asia/Kamchatka": "Asia/Kamchatka",
    "Asia/Karachi": "Asia/Karachi",
    "Asia/Kashgar": "Asia/Kashgar",
    "Asia/Kathmandu": "Asia/Kathmandu",
    "Asia/Katmandu": "Asia/Katmandu",
    "Asia/Khandyga": "Asia/Khandyga",
    "Asia/Kolkata": "Asia/Kolkata",
    "Asia/Krasnoyarsk": "Asia/Krasnoyarsk",
    "Asia/Kuala_Lumpur": "Asia/Kuala_Lumpur",
    "Asia/Kuching": "Asia/Kuching",
    "Asia/Kuwait": "Asia/Kuwait",
    "Asia/Macau": "Asia/Macau",
    "Asia/Magadan": "Asia/Magadan",
    "Asia/Makassar": "Asia/Makassar",
    "Asia/Manila": "Asia/Manila",
    "Asia/Muscat": "Asia/Muscat",
    "Asia/Nicosia": "Asia/Nicosia",
    "Asia/Novokuznetsk": "Asia/Novokuznetsk",
    "Asia/Novosibirsk": "Asia/Novosibirsk",
    "Asia/Omsk": "Asia/Omsk",
    "Asia/Oral": "Asia/Oral",
    "Asia/Phnom_Penh": "Asia/Phnom_Penh",
    "Asia/Pontianak": "Asia/Pontianak",
    "Asia/Pyongyang": "Asia/Pyongyang",
    "Asia/Qatar": "Asia/Qatar",
    "Asia/Qostanay": "Asia/Qostanay",
    "Asia/Qyzylorda": "Asia/Qyzylorda",
    "Asia/Rangoon": "Asia/Rangoon",
    "Asia/Riyadh": "Asia/Riyadh",
    "Asia/Sakhalin": "Asia/Sakhalin",
    "Asia/Samarkand": "Asia/Samarkand",
    "Asia/Seoul": "Asia/Seoul",
    "Asia/Shanghai": "Asia/Shanghai",
    "Asia/Singapore": "Asia/Singapore",
    "Asia/Srednekolymsk": "Asia/Srednekolymsk",
    "Asia/Taipei": "Asia/Taipei",
    "Asia/Tashkent": "Asia/Tashkent",
    "Asia/Tbilisi": "Asia/Tbilisi",
    "Asia/Tehran": "Asia/Tehran",
    "Asia/Thimphu": "Asia/Thimphu",
    "Asia/Tokyo": "Asia/Tokyo",
    "Asia/Tomsk": "Asia/Tomsk",
    "Asia/Ulaanbaatar": "Asia/Ulaanbaatar",
    "Asia/Urumqi": "Asia/Urumqi",
    "Asia/Ust-Nera": "Asia/Ust-Nera",
    "Asia/Vientiane": "Asia/Vientiane",
    "Asia/Vladivostok": "Asia/Vladivostok",
    "Asia/Yakutsk": "Asia/Yakutsk",
    "Asia/Yangon": "Asia/Yangon",
    "Asia/Yekaterinburg": "Asia/Yekaterinburg",
    "Asia/Yerevan": "Asia/Yerevan",
    "Atlantic/Azores": "Atlantic/Azores",
    "Atlantic/Bermuda": "Atlantic/Bermuda",
    "Atlantic/Canary": "Atlantic/Canary",
    "Atlantic/Cape_Verde": "Atlantic/Cape_Verde",
    "Atlantic/Faroe": "Atlantic/Faroe",
    "Atlantic/Madeira": "Atlantic/Madeira",
    "Atlantic/Reykjavik": "Atlantic/Reykjavik",
    "Atlantic/South_Georgia": "Atlantic/South_Georgia",
    "Atlantic/St_Helena": "Atlantic/St_Helena",
    "Atlantic/Stanley": "Atlantic/Stanley",
    "Australia/Adelaide": "Australia/Adelaide",
    "Australia/Brisbane": "Australia/Brisbane",
    "Australia/Broken_Hill": "Australia/Broken_Hill",
    "Australia/Currie": "Australia/Currie",
    "Australia/Darwin": "Australia/Darwin",
    "Australia/Eucla": "Australia/Eucla",
    "Australia/Hobart": "Australia/Hobart",
    "Australia/Lindeman": "Australia/Lindeman",
    "Australia/Lord_Howe": "Australia/Lord_Howe",
    "Australia/Melbourne": "Australia/Melbourne",
    "Australia/Perth": "Australia/Perth",
    "Australia/Sydney": "Australia/Sydney",
    "CET": "CET",
    "CST6CDT": "CST6CDT",
    "EET": "EET",
    "EST": "EST",
    "EST5EDT": "EST5EDT",
    "Etc/GMT-1": "Etc/GMT-1",
    "Etc/GMT-10": "Etc/GMT-10",
    "Etc/GMT-11": "Etc/GMT-11",
    "Etc/GMT-12": "Etc/GMT-12",
    "Etc/GMT-13": "Etc/GMT-13",
    "Etc/GMT-14": "Etc/GMT-14",
    "Etc/GMT-2": "Etc/GMT-2",
    "Etc/GMT-3": "Etc/GMT-3",
    "Etc/GMT-4": "Etc/GMT-4",
    "Etc/GMT-5": "Etc/GMT-5",
    "Etc/GMT-6": "Etc/GMT-6",
    "Etc/GMT-7": "Etc/GMT-7",
    "Etc/GMT-8": "Etc/GMT-8",
    "Etc/GMT-9": "Etc/GMT-9",
    "Etc/GMT": "Etc/GMT",
    "Etc/GMT+1": "Etc/GMT+1",
    "Etc/GMT+10": "Etc/GMT+10",
    "Etc/GMT+11": "Etc/GMT+11",
    "Etc/GMT+12": "Etc/GMT+12",
    "Etc/GMT+2": "Etc/GMT+2",
    "Etc/GMT+3": "Etc/GMT+3",
    "Etc/GMT+4": "Etc/GMT+4",
    "Etc/GMT+5": "Etc/GMT+5",
    "Etc/GMT+6": "Etc/GMT+6",
    "Etc/GMT+7": "Etc/GMT+7",
    "Etc/GMT+8": "Etc/GMT+8",
    "Etc/GMT+9": "Etc/GMT+9",
    "Etc/UCT": "Etc/UCT",
    "Etc/UTC": "Etc/UTC",
    "Europe/Amsterdam": "Europe/Amsterdam",
    "Europe/Andorra": "Europe/Andorra",
    "Europe/Astrakhan": "Europe/Astrakhan",
    "Europe/Athens": "Europe/Athens",
    "Europe/Belgrade": "Europe/Belgrade",
    "Europe/Berlin": "Europe/Berlin",
    "Europe/Bratislava": "Europe/Bratislava",
    "Europe/Brussels": "Europe/Brussels",
    "Europe/Busingen": "Europe/Busingen",
    "Europe/Bucharest": "Europe/Bucharest",
    "Europe/Budapest": "Europe/Budapest",
    "Europe/Chisinau": "Europe/Chisinau",
    "Europe/Copenhagen": "Europe/Copenhagen",
    "Europe/Dublin": "Europe/Dublin",
    "Europe/Gibraltar": "Europe/Gibraltar",
    "Europe/Guernsey": "Europe/Guernsey",
    "Europe/Helsinki": "Europe/Helsinki",
    "Europe/Isle_of_Man": "Europe/Isle_of_Man",
    "Europe/Istanbul": "Europe/Istanbul",
    "Europe/Jersey": "Europe/Jersey",
    "Europe/Kaliningrad": "Europe/Kaliningrad",
    "Europe/Kiev": "Europe/Kiev",
    "Europe/Kirov": "Europe/Kirov",
    "Europe/Lisbon": "Europe/Lisbon",
    "Europe/Ljubljana": "Europe/Ljubljana",
    "Europe/London": "Europe/London",
    "Europe/Luxembourg": "Europe/Luxembourg",
    "Europe/Madrid": "Europe/Madrid",
    "Europe/Malta": "Europe/Malta",
    "Europe/Mariehamn": "Europe/Mariehamn",
    "Europe/Minsk": "Europe/Minsk",
    "Europe/Monaco": "Europe/Monaco",
    "Europe/Moscow": "Europe/Moscow",
    "Europe/Nicosia": "Europe/Nicosia",
    "Europe/Oslo": "Europe/Oslo",
    "Europe/Paris": "Europe/Paris",
    "Europe/Podgorica": "Europe/Podgorica",
    "Europe/Prague": "Europe/Prague",
    "Europe/Riga": "Europe/Riga",
    "Europe/Rome": "Europe/Rome",
    "Europe/Samara": "Europe/Samara",
    "Europe/San_Marino": "Europe/San_Marino",
    "Europe/Sarajevo": "Europe/Sarajevo",
    "Europe/Saratov": "Europe/Saratov",
    "Europe/Simferopol": "Europe/Simferopol",
    "Europe/Skopje": "Europe/Skopje",
    "Europe/Sofia": "Europe/Sofia",
    "Europe/Stockholm": "Europe/Stockholm",
    "Europe/Tallinn": "Europe/Tallinn",
    "Europe/Tirane": "Europe/Tirane",
    "Europe/Ulyanovsk": "Europe/Ulyanovsk",
    "Europe/Uzhgorod": "Europe/Uzhgorod",
    "Europe/Vaduz": "Europe/Vaduz",
    "Europe/Vatican": "Europe/Vatican",
    "Europe/Vienna": "Europe/Vienna",
    "Europe/Vilnius": "Europe/Vilnius",
    "Europe/Volgograd": "Europe/Volgograd",
    "Europe/Warsaw": "Europe/Warsaw",
    "Europe/Zagreb": "Europe/Zagreb",
    "Europe/Zaporozhye": "Europe/Zaporozhye",
    "Europe/Zurich": "Europe/Zurich",
    "GMT-12:00": "GMT-12:00",
    "GMT": "GMT",
    "HST": "HST",
    "Indian/Antananarivo": "Indian/Antananarivo",
    "Indian/Chagos": "Indian/Chagos",
    "Indian/Christmas": "Indian/Christmas",
    "Indian/Cocos": "Indian/Cocos",
    "Indian/Comoro": "Indian/Comoro",
    "Indian/Kerguelen": "Indian/Kerguelen",
    "Indian/Mahe": "Indian/Mahe",
    "Indian/Maldives": "Indian/Maldives",
    "Indian/Mauritius": "Indian/Mauritius",
    "Indian/Mayotte": "Indian/Mayotte",
    "Indian/Reunion": "Indian/Reunion",
    "MET": "MET",
    "MST": "MST",
    "MST7MDT": "MST7MDT",
    "Pacific/Apia": "Pacific/Apia",
    "Pacific/Auckland": "Pacific/Auckland",
    "Pacific/Bougainville": "Pacific/Bougainville",
    "Pacific/Chatham": "Pacific/Chatham",
    "Pacific/Chuuk": "Pacific/Chuuk",
    "Pacific/Easter": "Pacific/Easter",
    "Pacific/Efate": "Pacific/Efate",
    "Pacific/Enderbury": "Pacific/Enderbury",
    "Pacific/Fakaofo": "Pacific/Fakaofo",
    "Pacific/Fiji": "Pacific/Fiji",
    "Pacific/Funafuti": "Pacific/Funafuti",
    "Pacific/Galapagos": "Pacific/Galapagos",
    "Pacific/Gambier": "Pacific/Gambier",
    "Pacific/Guadalcanal": "Pacific/Guadalcanal",
    "Pacific/Guam": "Pacific/Guam",
    "Pacific/Honolulu": "Pacific/Honolulu",
    "Pacific/Johnston": "Pacific/Johnston",
    "Pacific/Kiritimati": "Pacific/Kiritimati",
    "Pacific/Kosrae": "Pacific/Kosrae",
    "Pacific/Kwajalein": "Pacific/Kwajalein",
    "Pacific/Majuro": "Pacific/Majuro",
    "Pacific/Marquesas": "Pacific/Marquesas",
    "Pacific/Midway": "Pacific/Midway",
    "Pacific/Nauru": "Pacific/Nauru",
    "Pacific/Niue": "Pacific/Niue",
    "Pacific/Norfolk": "Pacific/Norfolk",
    "Pacific/Noumea": "Pacific/Noumea",
    "Pacific/Pago_Pago": "Pacific/Pago_Pago",
    "Pacific/Palau": "Pacific/Palau",
    "Pacific/Pitcairn": "Pacific/Pitcairn",
    "Pacific/Pohnpei": "Pacific/Pohnpei",
    "Pacific/Port_Moresby": "Pacific/Port_Moresby",
    "Pacific/Rarotonga": "Pacific/Rarotonga",
    "Pacific/Saipan": "Pacific/Saipan",
    "Pacific/Tahiti": "Pacific/Tahiti",
    "Pacific/Tarawa": "Pacific/Tarawa",
    "Pacific/Tongatapu": "Pacific/Tongatapu",
    "Pacific/Wake": "Pacific/Wake",
    "Pacific/Wallis": "Pacific/Wallis",
    "PST8PDT": "PST8PDT",
    "UTC": "UTC",
    "WET": "WET",
    "Niue": "Niue",
    "United States Minor Outlying Islands": "United States Minor Outlying Islands",
    "American Samoa": "American Samoa",
    "Cook Islands": "Cook Islands",
    "United States": "United States",
    "French Polynesia": "French Polynesia",
    "Mexico": "Mexico",
    "Canada": "Canada",
    "Pitcairn": "Pitcairn",
    "Belize": "Belize",
    "Guatemala": "Guatemala",
    "Nicaragua": "Nicaragua",
    "Costa Rica": "Costa Rica",
    "El Salvador": "El Salvador",
    "Honduras": "Honduras",
    "Ecuador": "Ecuador",
    "Brazil": "Brazil",
    "Colombia": "Colombia",
    "Cuba": "Cuba",
    "Chile": "Chile",
    "Turks and Caicos Islands": "Turks and Caicos Islands",
    "Cayman Islands": "Cayman Islands",
    "Jamaica": "Jamaica",
    "Bahamas": "Bahamas",
    "Panama": "Panama",
    "Haiti": "Haiti",
    "Peru": "Peru",
    "Saint Kitts and Nevis": "Saint Kitts and Nevis",
    "Montserrat": "Montserrat",
    "Barbados": "Barbados",
    "Saint Lucia": "Saint Lucia",
    "Trinidad and Tobago": "Trinidad and Tobago",
    "Martinique": "Martinique",
    "Saint Barthelemy": "Saint Barthelemy",
    "Bermuda": "Bermuda",
    "Saint Vincent and the Grenadines": "Saint Vincent and the Grenadines",
    "Bonaire, Saint Eustatius and Saba ": "Bonaire, Saint Eustatius and Saba ",
    "Guadeloupe": "Guadeloupe",
    "Saint Martin": "Saint Martin",
    "Aruba": "Aruba",
    "Sint Maarten": "Sint Maarten",
    "British Virgin Islands": "British Virgin Islands",
    "Dominica": "Dominica",
    "U.S. Virgin Islands": "U.S. Virgin Islands",
    "Grenada": "Grenada",
    "Antigua and Barbuda": "Antigua and Barbuda",
    "Puerto Rico": "Puerto Rico",
    "Dominican Republic": "Dominican Republic",
    "Anguilla": "Anguilla",
    "Greenland": "Greenland",
    "Curacao": "Curacao",
    "Bolivia": "Bolivia",
    "Guyana": "Guyana",
    "Venezuela": "Venezuela",
    "Argentina": "Argentina",
    "Antarctica": "Antarctica",
    "Falkland Islands": "Falkland Islands",
    "French Guiana": "French Guiana",
    "Paraguay": "Paraguay",
    "Saint Pierre and Miquelon": "Saint Pierre and Miquelon",
    "Suriname": "Suriname",
    "Uruguay": "Uruguay",
    "South Georgia and the South Sandwich Islands": "South Georgia and the South Sandwich Islands",
    "Portugal": "Portugal",
    "Cabo Verde": "Cabo Verde",
    "Ivory Coast": "Ivory Coast",
    "Ghana": "Ghana",
    "Mali": "Mali",
    "Guinea-Bissau": "Guinea-Bissau",
    "Guinea": "Guinea",
    "Senegal": "Senegal",
    "Isle of Man": "Isle of Man",
    "Ireland": "Ireland",
    "Sierra Leone": "Sierra Leone",
    "Saint Helena": "Saint Helena",
    "Togo": "Togo",
    "United Kingdom": "United Kingdom",
    "Liberia": "Liberia",
    "Mauritania": "Mauritania",
    "Burkina Faso": "Burkina Faso",
    "Iceland": "Iceland",
    "Jersey": "Jersey",
    "Guernsey": "Guernsey",
    "Sao Tome and Principe": "Sao Tome and Principe",
    "Gambia": "Gambia",
    "Spain": "Spain",
    "Faroe Islands": "Faroe Islands",
    "Algeria": "Algeria",
    "The Netherlands": "The Netherlands",
    "Andorra": "Andorra",
    "Serbia": "Serbia",
    "Germany": "Germany",
    "Slovakia": "Slovakia",
    "Belgium": "Belgium",
    "Hungary": "Hungary",
    "Denmark": "Denmark",
    "Gibraltar": "Gibraltar",
    "Slovenia": "Slovenia",
    "Svalbard and Jan Mayen": "Svalbard and Jan Mayen",
    "Luxembourg": "Luxembourg",
    "Monaco": "Monaco",
    "Norway": "Norway",
    "France": "France",
    "Montenegro": "Montenegro",
    "Czechia": "Czechia",
    "Italy": "Italy",
    "San Marino": "San Marino",
    "Malta": "Malta",
    "Bosnia and Herzegovina": "Bosnia and Herzegovina",
    "North Macedonia": "North Macedonia",
    "Sweden": "Sweden",
    "Albania": "Albania",
    "Tunisia": "Tunisia",
    "Liechtenstein": "Liechtenstein",
    "Vatican": "Vatican",
    "Austria": "Austria",
    "Poland": "Poland",
    "Croatia": "Croatia",
    "Switzerland": "Switzerland",
    "Central African Republic": "Central African Republic",
    "Equatorial Guinea": "Equatorial Guinea",
    "Republic of the Congo": "Republic of the Congo",
    "Benin": "Benin",
    "Cameroon": "Cameroon",
    "Democratic Republic of the Congo": "Democratic Republic of the Congo",
    "Nigeria": "Nigeria",
    "Gabon": "Gabon",
    "Angola": "Angola",
    "Chad": "Chad",
    "Niger": "Niger",
    "Morocco": "Morocco",
    "Western Sahara": "Western Sahara",
    "Burundi": "Burundi",
    "Botswana": "Botswana",
    "Zimbabwe": "Zimbabwe",
    "South Sudan": "South Sudan",
    "Sudan": "Sudan",
    "Rwanda": "Rwanda",
    "Malawi": "Malawi",
    "Zambia": "Zambia",
    "Mozambique": "Mozambique",
    "Namibia": "Namibia",
    "Greece": "Greece",
    "Lebanon": "Lebanon",
    "Romania": "Romania",
    "Egypt": "Egypt",
    "Moldova": "Moldova",
    "Palestinian Territory": "Palestinian Territory",
    "Finland": "Finland",
    "Russia": "Russia",
    "Aland Islands": "Aland Islands",
    "Cyprus": "Cyprus",
    "Latvia": "Latvia",
    "Bulgaria": "Bulgaria",
    "Estonia": "Estonia",
    "Libya": "Libya",
    "Lithuania": "Lithuania",
    "Israel": "Israel",
    "South Africa": "South Africa",
    "Eswatini": "Eswatini",
    "Lesotho": "Lesotho",
    "Kuwait": "Kuwait",
    "Bahrain": "Bahrain",
    "Iraq": "Iraq",
    "Qatar": "Qatar",
    "Saudi Arabia": "Saudi Arabia",
    "Yemen": "Yemen",
    "Jordan": "Jordan",
    "Syria": "Syria",
    "Ethiopia": "Ethiopia",
    "Madagascar": "Madagascar",
    "Eritrea": "Eritrea",
    "Tanzania": "Tanzania",
    "Djibouti": "Djibouti",
    "Uganda": "Uganda",
    "Mayotte": "Mayotte",
    "Somalia": "Somalia",
    "Comoros": "Comoros",
    "Kenya": "Kenya",
    "Belarus": "Belarus",
    "Ukraine": "Ukraine",
    "Turkey": "Turkey",
    "Iran": "Iran",
    "Armenia": "Armenia",
    "Azerbaijan": "Azerbaijan",
    "Georgia": "Georgia",
    "United Arab Emirates": "United Arab Emirates",
    "Oman": "Oman",
    "Mauritius": "Mauritius",
    "Reunion": "Reunion",
    "Seychelles": "Seychelles",
    "Afghanistan": "Afghanistan",
    "French Southern Territories": "French Southern Territories",
    "Maldives": "Maldives",
    "Pakistan": "Pakistan",
    "Tajikistan": "Tajikistan",
    "Turkmenistan": "Turkmenistan",
    "Uzbekistan": "Uzbekistan",
    "Kazakhstan": "Kazakhstan",
    "Sri Lanka": "Sri Lanka",
    "India": "India",
    "Nepal": "Nepal",
    "Bangladesh": "Bangladesh",
    "Bhutan": "Bhutan",
    "China": "China",
    "British Indian Ocean Territory": "British Indian Ocean Territory",
    "Kyrgyzstan": "Kyrgyzstan",
    "Cocos Islands": "Cocos Islands",
    "Myanmar": "Myanmar",
    "Christmas Island": "Christmas Island",
    "Mongolia": "Mongolia",
    "Thailand": "Thailand",
    "Vietnam": "Vietnam",
    "Cambodia": "Cambodia",
    "Laos": "Laos",
    "Indonesia": "Indonesia",
    "Australia": "Australia",
    "Brunei": "Brunei",
    "Macao": "Macao",
    "Hong Kong": "Hong Kong",
    "Malaysia": "Malaysia",
    "Philippines": "Philippines",
    "Singapore": "Singapore",
    "Taiwan": "Taiwan",
    "Timor Leste": "Timor Leste",
    "Japan": "Japan",
    "North Korea": "North Korea",
    "South Korea": "South Korea",
    "Palau": "Palau",
    "Guam": "Guam",
    "Northern Mariana Islands": "Northern Mariana Islands",
    "Micronesia": "Micronesia",
    "Papua New Guinea": "Papua New Guinea",
    "New Caledonia": "New Caledonia",
    "Solomon Islands": "Solomon Islands",
    "Vanuatu": "Vanuatu",
    "Fiji": "Fiji",
    "Kiribati": "Kiribati",
    "Marshall Islands": "Marshall Islands",
    "Nauru": "Nauru",
    "Norfolk Island": "Norfolk Island",
    "Tuvalu": "Tuvalu",
    "Wallis and Futuna": "Wallisand Futuna",
    "Samoa": "Samoa",
    "New Zealand": "New Zealand",
    "Tokelau": "Tokelau",
    "Tonga": "Tonga"
  },
  "gux-toggle": {
    "defaultAriaLabel": "Toggle Switch",
    "toggleIsLoading": "Toggle is loading",
    "toggleIsFinishedLoading": "Toggle is finished loading"
  }
}
