{
  "gux-alert": {
    "info": "Alerta de información con mensaje",
    "success": "Alerta de resultado satisfactorio con mensaje",
    "warning": "Alerta de advertencia con mensaje",
    "error": "Alerta de error con mensaje"
  },
  "gux-badge": {
    "neutral": "insignia con la etiqueta: {label}, color: neutro",
    "neutral-bold": "insignia con la etiqueta: {label}, color: neutro en negrita",
    "green": "insignia con la etiqueta: {label}, color: verde",
    "green-bold": "insignia con la etiqueta: {label}, color: verde en negrita",
    "yellow": "insignia con la etiqueta: {label}, color: amarillo",
    "yellow-bold": "insignia con la etiqueta: {label}, color: amarillo en negrita",
    "red": "insignia con la etiqueta: {label}, color: rojo",
    "red-bold": "insignia con la etiqueta: {label}, color: rojo en negrita",
    "inherit": "insignia con la etiqueta: {label}"
  },
  "gux-column-manager-item": {
    "activateReordering": "Activar modo de reordenación para la columna {columnName}"
  },
  "gux-column-manager": {
    "search": "Buscar",
    "searchResults": "resultados de la búsqueda",
    "selectedColumnCount": "{count}/{total} columnas seleccionadas",
    "selectAllColumnsScreenReader": "{count} de {total} columnas seleccionadas: active la casilla de verificación para seleccionar las {total} columnas",
    "unselectAllColumnsScreenReader": "{count} de {total} columnas seleccionadas: desactive la casilla de verificación para dejar de seleccionar las {total} columnas",
    "movePositionPrompt": "Pulse la barra espaciadora o Entrar para mover la columna {columnName} de la posición {newPositionNumber} a la posición {oldPositionNumber}.",
    "reorderingModeActive": "Modo de reordenación activo. Recoloque la columna {columnName} con las teclas de flecha arriba, flecha abajo, Inicio y Fin. Pulse la tecla de escape para desactivar el modo de reordenación."
  },
  "gux-context-menu": {
    "contextMenuScreenreaderText": "Menú contextual"
  },
  "gux-copy-to-clipboard": {
    "clickToCopy": "Haga clic para copiar",
    "enterToCopy": "Pulse Entrar para copiar",
    "copySuccess": "Copiado al portapapeles",
    "copyFailure": "Error. Vuelva a intentarlo."
  },
  "gux-dropdown-multi-tag": {
    "clearSelection": "Borrar {numberSelected} elementos seleccionados"
  },
  "gux-dropdown-multi": {
    "textInputResults": "Escriba para filtrar los resultados del desplegable",
    "noSelection": "Seleccionar...",
    "dropdown": "Desplegable",
    "numberSelected": "{numberSelected} seleccionado(s)",
    "pressEnterToCreate": "Pulse Entrar para crear una nueva opción, {textInputValue}"
  },
  "gux-month-calendar": {
    "changeYear": "El año actual es {currentYear}, haga clic para cambiarlo a {changeYear}"
  },
  "gux-month-picker": {
    "toggleCalendar": "Alternar vista de calendario mensual",
    "month": "Mes",
    "year": "Año",
    "unset": "Anular"
  },
  "gux-pagination-buttons-beta": {
    "page": "Página",
    "totalPages": " de {totalPages, number}",
    "firstPage": "Primera página",
    "previousPage": "Página anterior",
    "nextPage": "Página siguiente",
    "lastPage": "Última página",
    "pageInputLabel": "Página {currentPage, number} de {totalPages, number}",
    "goToPage": "Ir a la página",
    "pageNumber": "Página {pageNumber}",
    "pageSelected": "Página {pageSelected} seleccionada"
  },
  "gux-pagination-item-counts-beta": {
    "itemCountDisplay": "{firstItem, number} - {lastItem, number}",
    "totalItems": " de {totalItems, number}"
  },
  "gux-pagination-items-per-page-beta": {
    "perPage": "por página",
    "itemsPerPage": "Elementos por página",
    "rangeSelected": "Elementos por página desplegable, {range} seleccionados"
  },
  "gux-phone-input": {
    "AD": "Andorra",
    "AE": "Emiratos Árabes Unidos",
    "AF": "Afganistán",
    "AG": "Antigua y Barbuda",
    "AI": "Anguila",
    "AL": "Albania",
    "AM": "Armenia",
    "AO": "Angola",
    "AR": "Argentina",
    "AS": "Samoa Americana",
    "AT": "Austria",
    "AU": "Australia",
    "AW": "Aruba",
    "AX": "Islas Åland",
    "AZ": "Azerbaiyán",
    "BA": "Bosnia y Herzegovina",
    "BB": "Barbados",
    "BD": "Bangladesh",
    "BE": "Bélgica",
    "BF": "Burkina Faso",
    "BG": "Bulgaria",
    "BH": "Bahréin",
    "BI": "Burundi",
    "BJ": "Benín",
    "BL": "San Bartolomé",
    "BM": "Bermudas",
    "BN": "Brunéi",
    "BO": "Bolivia",
    "BQ": "Caribe Neerlandés",
    "BR": "Brasil",
    "BS": "Bahamas",
    "BT": "Bután",
    "BV": "Isla Bouvet",
    "BW": "Botsuana",
    "BY": "Bielorrusia",
    "BZ": "Belice",
    "CA": "Canadá",
    "CC": "Islas Cocos",
    "CD": "República Democrática del Congo",
    "CF": "República Centroafricana",
    "CG": "República del Congo",
    "CH": "Suiza",
    "CI": "Costa de Marfil",
    "CK": "Islas Cook",
    "CL": "Chile",
    "CM": "Camerún",
    "CN": "China",
    "CO": "Colombia",
    "CR": "Costa Rica",
    "CU": "Cuba",
    "CV": "Cabo Verde",
    "CW": "Curazao",
    "CX": "Isla Navidad",
    "CY": "Chipre",
    "CZ": "República Checa",
    "DE": "Alemania",
    "DJ": "Yibuti",
    "DK": "Dinamarca",
    "DM": "Dominica",
    "DO": "República Dominicana",
    "DZ": "Argelia",
    "EC": "Ecuador",
    "EE": "Estonia",
    "EG": "Egipto",
    "EH": "Sáhara Occidental",
    "ER": "Eritrea",
    "ES": "España",
    "ET": "Etiopía",
    "FI": "Finlandia",
    "FJ": "Fiyi",
    "FK": "Islas Malvinas",
    "FM": "Micronesia",
    "FO": "Islas Feroe",
    "FR": "Francia",
    "GA": "Gabón",
    "GB": "Reino Unido",
    "GD": "Granada",
    "GE": "Georgia",
    "GF": "Guayana Francesa",
    "GG": "Guernsey",
    "GH": "Ghana",
    "GI": "Gibraltar",
    "GL": "Groenlandia",
    "GM": "Gambia",
    "GN": "Guinea",
    "GP": "Guadalupe",
    "GQ": "Guinea Ecuatoriana",
    "GR": "Grecia",
    "GS": "Islas Georgias del Sur y Sandwich del Sur",
    "GT": "Guatemala",
    "GU": "Guam",
    "GW": "Guinea-Bisáu",
    "GY": "Guyana",
    "HK": "Hong Kong",
    "HN": "Honduras",
    "HR": "Croacia",
    "HT": "Haití",
    "HU": "Hungría",
    "ID": "Indonesia",
    "IE": "Irlanda",
    "IL": "Israel",
    "IM": "Isla de Man",
    "IN": "India",
    "IO": "Territorio Británico del Océano Índico",
    "IQ": "Irak",
    "IR": "Irán",
    "IS": "Islandia",
    "IT": "Italia",
    "JE": "Jersey",
    "JM": "Jamaica",
    "JO": "Jordania",
    "JP": "Japón",
    "KE": "Kenia",
    "KG": "Kirguistán",
    "KH": "Camboya",
    "KI": "Kiribati",
    "KM": "Comoras",
    "KN": "San Cristóbal y Nieves",
    "KP": "Corea del Norte",
    "KR": "Corea del Sur",
    "KW": "Kuwait",
    "KY": "Islas Caimán",
    "KZ": "Kazajistán",
    "LA": "Laos",
    "LB": "Líbano",
    "LC": "Santa Lucía",
    "LI": "Liechtenstein",
    "LK": "Sri Lanka",
    "LR": "Liberia",
    "LS": "Lesoto",
    "LT": "Lituania",
    "LU": "Luxemburgo",
    "LV": "Letonia",
    "LY": "Libia",
    "MA": "Marruecos",
    "MC": "Mónaco",
    "MD": "Moldavia",
    "ME": "Montenegro",
    "MF": "San Martín",
    "MG": "Madagascar",
    "MH": "Islas Marshall",
    "MK": "Macedonia",
    "ML": "Malí",
    "MM": "Birmania",
    "MN": "Mongolia",
    "MO": "Macao",
    "MP": "Islas Marianas del Norte",
    "MQ": "Martinica",
    "MR": "Mauritania",
    "MS": "Montserrat",
    "MT": "Malta",
    "MU": "Mauricio",
    "MV": "Maldivas",
    "MW": "Malaui",
    "MX": "México",
    "MY": "Malasia",
    "MZ": "Mozambique",
    "NA": "Namibia",
    "NC": "Nueva Caledonia",
    "NE": "Níger",
    "NF": "Isla Norfolk",
    "NG": "Nigeria",
    "NI": "Nicaragua",
    "NL": "Países Bajos",
    "NO": "Noruega",
    "NP": "Nepal",
    "NR": "Nauru",
    "NU": "Niue",
    "NZ": "Nueva Zelanda",
    "OM": "Omán",
    "PA": "Panamá",
    "PE": "Perú",
    "PF": "Polinesia Francesa",
    "PG": "Papúa Nueva Guinea",
    "PH": "Filipinas",
    "PK": "Pakistán",
    "PL": "Polonia",
    "PM": "San Pedro y Miquelón",
    "PN": "Pitcairn",
    "PR": "Puerto Rico",
    "PS": "Palestina",
    "PT": "Portugal",
    "PW": "Palau",
    "PY": "Paraguay",
    "QA": "Catar",
    "RE": "Reunión",
    "RO": "Rumanía",
    "RS": "Serbia",
    "RU": "Rusia",
    "RW": "Ruanda",
    "SA": "Arabia Saudita",
    "SB": "Islas Salomón",
    "SC": "Seychelles",
    "SD": "Sudán",
    "SE": "Suecia",
    "SG": "Singapur",
    "SH": "Santa Elena",
    "SI": "Eslovenia",
    "SJ": "Svalbard y Jan Mayen",
    "SK": "Eslovaquia",
    "SL": "Sierra Leona",
    "SM": "San Marino",
    "SN": "Senegal",
    "SO": "Somalia",
    "SR": "Surinam",
    "SS": "Sudán del Sur",
    "ST": "Santo Tomé y Príncipe",
    "SV": "El Salvador",
    "SX": "Sint Maarten",
    "SY": "Siria",
    "SZ": "Suazilandia",
    "TC": "Islas Turcas y Caicos",
    "TD": "Chad",
    "TG": "Togo",
    "TH": "Tailandia",
    "TJ": "Tayikistán",
    "TK": "Tokelau",
    "TL": "Timor Oriental",
    "TM": "Turkmenistán",
    "TN": "Túnez",
    "TO": "Tonga",
    "TR": "Turquía",
    "TT": "Trinidad y Tobago",
    "TV": "Tuvalu",
    "TW": "Taiwán",
    "TZ": "Tanzania",
    "UA": "Ucrania",
    "UG": "Uganda",
    "US": "Estados Unidos",
    "UY": "Uruguay",
    "UZ": "Uzbekistán",
    "VA": "Vaticano",
    "VC": "San Vicente y las Granadinas",
    "VE": "Venezuela",
    "VG": "Islas Vírgenes Británicas",
    "VI": "Islas Vírgenes de los Estados Unidos",
    "VN": "Vietnam",
    "VU": "Vanuatu",
    "WF": "Wallis y Futuna",
    "WS": "Samoa",
    "XK": "Kosovo",
    "YE": "Yemen",
    "YT": "Mayotte",
    "ZA": "Sudáfrica",
    "ZM": "Zambia",
    "ZW": "Zimbabue",
    "unknownRegion": "Región desconocida",
    "regionDropdown": "Menú desplegable de región",
    "regionDropdownButton": "Botón del menú desplegable de región"
  },
  "gux-skip-navigation-list": {
    "navigationName": "Omitir la navegación de enlaces"
  },
  "gux-table-toolbar-action": {
    "actionRefresh": "Actualizar",
    "actionDelete": "Eliminar",
    "actionExport": "Exportar",
    "actionImport": "Importar",
    "actionRevert": "Revertir",
    "actionAdd": "Agregar"
  },
  "gux-table-toolbar-menu-button": {
    "additionalActions": "Acciones adicionales"
  },
  "gux-table": {
    "emptyMessage": "No hay datos disponibles",
    "scrollLeft": "Desplazar a la izquierda",
    "scrollRight": "Desplazar a la derecha",
    "selectAllTableRows": "Seleccionar todas las filas de la tabla",
    "selectTableRow": "Seleccionar la fila de la tabla",
    "sortAsc": "En orden ascendente",
    "sortDesc": "En orden descendente",
    "tableOptions": "Opciones de tabla",
    "noColumnSort": "{headerContent}. Actualmente, la tabla no está ordenada a partir de esta columna. Haga clic en el encabezado de la columna para ordenar la tabla a partir de esta columna en orden ascendente.",
    "ascendingColumnSort": "{headerContent}. Actualmente, la tabla está ordenada a partir de esta columna en orden ascendente. Haga clic en el encabezado de la columna para ordenar la tabla a partir de esta columna en orden descendente.",
    "descendingColumnSort": "{headerContent}. Actualmente, la tabla está ordenada a partir de esta columna en orden descendente. Haga clic en el encabezado de la columna para ordenar la tabla a partir de esta columna en orden ascendente.",
    "descendingColumnSortIncludeUnsorted": "{headerContent}. Actualmente, la tabla está ordenada a partir de esta columna en orden descendente. Haga clic en el encabezado de la columna para no ordenar la tabla a partir de esta columna."
  },
  "gux-tag": {
    "tag": "etiqueta con: {label}",
    "tag-disabled": "se desactivó la etiqueta con: {label}",
    "remove-tag": "Eliminar etiqueta con: {label}"
  },
  "gux-time-picker": {
    "am": "a. m.",
    "time-separator": ":",
    "clockButton": "Alternar horas sugeridas",
    "hoursInput": "Entrar horas",
    "minutesInput": "Entrar minutos",
    "pm": "p. m.",
    "timeOptionsState": "Opciones de hora abiertas: {state}",
    "toggleAmPM": "{amOrPm} seleccionado, haga clic para alternar"
  },
  "gux-action-button-legacy": {
    "actionButtonDropdown": "Desplegable para {buttonTitle}"
  },
  "gux-command-palette-legacy": {
    "recentSearch": "Búsquedas recientes:",
    "commonSearch": "Búsquedas comunes:",
    "limited": "Los resultados son limitados, refine su búsqueda para obtener más comandos.",
    "search": "Buscar comandos.",
    "title": "Paleta de comandos"
  },
  "gux-input-color": {
    "required": "Obligatorio"
  },
  "gux-input-number": {
    "clear": "Borrar",
    "increment": "Incremento",
    "decrement": "Decremento"
  },
  "gux-input-search": {
    "clear": "Borrar"
  },
  "gux-input-text-like": {
    "clear": "Borrar"
  },
  "gux-tabs-legacy": {
    "createNewTab": "Crear nueva pestaña",
    "scrollLeft": "Desplazar a la izquierda",
    "scrollRight": "Desplazar a la derecha",
    "disableNewTab": "Se alcanzó el número máximo de pestañas creadas"
  },
  "gux-action-button": {
    "moreOptions": "Más opciones"
  },
  "gux-advanced-dropdown": {
    "searchAria": "Buscar"
  },
  "gux-breadcrumbs": {
    "breadcrumbs": "Rutas de navegación"
  },
  "gux-content-search": {
    "eraseBtnAria": "Borrar texto de la búsqueda",
    "navigateNextBtn": "Resaltar siguiente coincidencia",
    "navigatePreviousBtn": "Resaltar coincidencia anterior",
    "totalMatches": "{currentMatch, number} de {matchCount, number}",
    "clear": "Borrar"
  },
  "gux-datepicker": {
    "start": "Inicio",
    "end": "Fin",
    "date": "Fecha",
    "toggleCalendar": "Alternar vista de calendario"
  },
  "gux-disclosure-button": {
    "defaultLabel": "Botón de revelación"
  },
  "gux-dismiss-button": {
    "dismiss": "Descartar"
  },
  "gux-dropdown": {
    "filterResults": "Escriba para filtrar los resultados del desplegable",
    "noSelection": "Seleccionar...",
    "dropdown": "Desplegable"
  },
  "gux-form-field-dropdown": {
    "required": "Obligatorio"
  },
  "gux-form-field-number": {
    "increment": "Incremento",
    "decrement": "Decremento"
  },
  "gux-form-field-phone": {
    "required": "Obligatorio"
  },
  "gux-form-field-time-picker": {
    "required": "Obligatorio"
  },
  "gux-form-field-input-clear-button": {
    "clear": "Borrar"
  },
  "gux-create-option": {
    "createCustomOptionInstructions": ", seleccione para crear una nueva opción personalizada",
    "createOption": "Agregar \"{optionValue}\""
  },
  "gux-option-multi": {
    "removeCustomElementInstructions": ", si cancela la selección de esta opción personalizada, se eliminará de la lista"
  },
  "gux-listbox-multi": {
    "add": "Agregar {name}",
    "noMatches": "No hay coincidencias",
    "loading": "Cargando..."
  },
  "gux-listbox": {
    "noMatches": "No hay coincidencias",
    "loading": "Cargando..."
  },
  "gux-pagination-cursor": {
    "previous": "Anterior",
    "next": "Siguiente"
  },
  "gux-pagination-buttons": {
    "page": "Página",
    "totalPages": " de {totalPages, number}",
    "first": "Primero",
    "previous": "Anterior",
    "next": "Siguiente",
    "last": "Último",
    "pageInputLabel": "Página {currentPage, number} de {totalPages, number}"
  },
  "gux-pagination-item-counts": {
    "itemCountDisplay": "{firstItem, number} - {lastItem, number}",
    "totalItems": " de {totalItems, number}"
  },
  "gux-pagination-items-per-page": {
    "perPage": "por página",
    "itemsPerPage": "Elementos por página",
    "rangeSelected": "Elementos por página desplegable, {range} seleccionados"
  },
  "gux-radial-loading": {
    "loading": "Cargando"
  },
  "gux-tabs-advanced": {
    "createNewTab": "Crear nueva pestaña",
    "scrollLeft": "Desplazar a la izquierda",
    "scrollRight": "Desplazar a la derecha",
    "options": "Opciones de pestaña para {tabTitle}",
    "disableNewTab": "Se alcanzó el número máximo de pestañas creadas",
    "toggleSort": "Alternar modo de ordenación mediante la barra espaciadora",
    "sortModeOn": "Modo de ordenación activado, utilice las teclas de flecha izquierda y derecha para reordenar las pestañas. Pulse la barra espaciadora o la tecla Entrar para completar la ordenación. Pulse la tecla de escape para cancelar la ordenación.",
    "sortComplete": "Ordenación completada",
    "sortCancelled": "Ordenación cancelada"
  },
  "gux-tabs": {
    "scrollLeft": "Desplazar a la izquierda",
    "scrollRight": "Desplazar a la derecha",
    "scrollUp": "Desplazar arriba",
    "scrollDown": "Desplazar abajo"
  },
  "gux-time-zone-picker": {
    "Afghanistan": "Afganistán",
    "Africa/Abidjan": "África/Abiyán",
    "Africa/Accra": "África/Acra",
    "Africa/Addis_Ababa": "África/Adís Abeba",
    "Africa/Algiers": "África/Argel",
    "Africa/Asmara": "África/Asmara",
    "Africa/Asmera": "África/Asmara",
    "Africa/Bamako": "África/Bamako",
    "Africa/Bangui": "África/Bangui",
    "Africa/Banjul": "África/Banjul",
    "Africa/Bissau": "África/Bisáu",
    "Africa/Blantyre": "África/Blantyre",
    "Africa/Brazzaville": "África/Brazzaville",
    "Africa/Bujumbura": "África/Buyumbura",
    "Africa/Cairo": "África/El Cairo",
    "Africa/Casablanca": "África/Casablanca",
    "Africa/Ceuta": "África/Ceuta",
    "Africa/Conakry": "África/Conakri",
    "Africa/Dakar": "África/Dakar",
    "Africa/Dar_es_Salaam": "África/Dar es Salam",
    "Africa/Djibouti": "África/Yibuti",
    "Africa/Douala": "África/Duala",
    "Africa/El_Aaiun": "África/El Aaiún",
    "Africa/Freetown": "África/Freetown",
    "Africa/Gaborone": "África/Gaborone",
    "Africa/Harare": "África/Harare",
    "Africa/Johannesburg": "África/Johannesburgo",
    "Africa/Juba": "África/Juba",
    "Africa/Kampala": "África/Kampala",
    "Africa/Khartoum": "África/Jartum",
    "Africa/Kigali": "África/Kigali",
    "Africa/Kinshasa": "África/Kinsasa",
    "Africa/Lagos": "África/Lagos",
    "Africa/Libreville": "África/Libreville",
    "Africa/Lome": "África/Lomé",
    "Africa/Luanda": "África/Luanda",
    "Africa/Lubumbashi": "África/Lubumbashi",
    "Africa/Lusaka": "África/Lusaka",
    "Africa/Malabo": "África/Malabo",
    "Africa/Maputo": "África/Maputo",
    "Africa/Maseru": "África/Maseru",
    "Africa/Mbabane": "África/Mbabane",
    "Africa/Mogadishu": "África/Mogadiscio",
    "Africa/Monrovia": "África/Monrovia",
    "Africa/Nairobi": "África/Nairobi",
    "Africa/Ndjamena": "África/Yamena",
    "Africa/Niamey": "África/Niamey",
    "Africa/Nouakchott": "África/Nuakchot",
    "Africa/Ouagadougou": "África/Uagadugú",
    "Africa/Porto-Novo": "África/Porto Novo",
    "Africa/Sao_Tome": "África/Santo Tomé",
    "Africa/Timbuktu": "África/Tombuctú",
    "Africa/Tripoli": "África/Trípoli",
    "Africa/Tunis": "África/Túnez",
    "Africa/Windhoek": "África/Windhoek",
    "Aland Islands": "Islas Åland",
    "Albania": "Albania",
    "Algeria": "Argelia",
    "America/Adak": "América/Adak",
    "America/Anchorage": "América/Anchorage",
    "America/Anguilla": "América/Anguila",
    "America/Antigua": "América/Antigua",
    "America/Araguaina": "América/Araguaína",
    "America/Argentina/Buenos_Aires": "América/Argentina/Buenos Aires",
    "America/Argentina/Catamarca": "América/Argentina/Catamarca",
    "America/Argentina/ComodRivadavia": "América/Argentina/Comodoro Rivadavia",
    "America/Argentina/Cordoba": "América/Argentina/Córdoba",
    "America/Argentina/Jujuy": "América/Argentina/Jujuy",
    "America/Argentina/La_Rioja": "América/Argentina/La Rioja",
    "America/Argentina/Mendoza": "América/Argentina/Mendoza",
    "America/Argentina/Rio_Gallegos": "América/Argentina/Río Gallegos",
    "America/Argentina/Salta": "América/Argentina/Salta",
    "America/Argentina/San_Juan": "América/Argentina/San Juan",
    "America/Argentina/San_Luis": "América/Argentina/San Luis",
    "America/Argentina/Tucuman": "América/Argentina/Tucumán",
    "America/Argentina/Ushuaia": "América/Argentina/Ushuaia",
    "America/Aruba": "América/Aruba",
    "America/Asuncion": "América/Asunción",
    "America/Atikokan": "América/Atikokan",
    "America/Atka": "América/Atka",
    "America/Bahia": "América/Bahía",
    "America/Bahia_Banderas": "América/Bahía Banderas",
    "America/Barbados": "América/Barbados",
    "America/Belem": "América/Belém",
    "America/Belize": "América/Belice",
    "America/Blanc-Sablon": "América/Blanc Sablon",
    "America/Boa_Vista": "América/Boa Vista",
    "America/Bogota": "América/Bogotá",
    "America/Boise": "América/Boise",
    "America/Buenos_Aires": "América/Buenos Aires",
    "America/Cambridge_Bay": "América/Cambridge Bay",
    "America/Campo_Grande": "América/Campo Grande",
    "America/Cancun": "América/Cancún",
    "America/Caracas": "América/Caracas",
    "America/Catamarca": "América/Catamarca",
    "America/Cayenne": "América/Cayena",
    "America/Cayman": "América/Caimán",
    "America/Chicago": "América/Chicago",
    "America/Chihuahua": "América/Chihuahua",
    "America/Ciudad_Juarez": "América/Ciudad_Juárez",
    "America/Coral_Harbour": "América/Coral_Harbour",
    "America/Cordoba": "América/Córdoba",
    "America/Costa_Rica": "América/Costa Rica",
    "America/Creston": "América/Creston",
    "America/Cuiaba": "América/Cuiabá",
    "America/Curacao": "América/Curazao",
    "America/Danmarkshavn": "América/Danmarkshavn",
    "America/Dawson": "América/Dawson",
    "America/Dawson_Creek": "América/Dawson Creek",
    "America/Denver": "América/Denver",
    "America/Detroit": "América/Detroit",
    "America/Dominica": "América/Dominica",
    "America/Edmonton": "América/Edmonton",
    "America/Eirunepe": "América/Eirunepé",
    "America/El_Salvador": "América/El Salvador",
    "America/Ensenada": "América/Ensenada",
    "America/Fort_Nelson": "América/Fort_Nelson",
    "America/Fort_Wayne": "América/Fort_Wayne",
    "America/Fortaleza": "América/Fortaleza",
    "America/Glace_Bay": "América/Glace Bay",
    "America/Godthab": "América/Nuuk",
    "America/Goose_Bay": "América/Goose Bay",
    "America/Grand_Turk": "América/Grand Turk",
    "America/Grenada": "América/Granada",
    "America/Guadeloupe": "América/Guadalupe",
    "America/Guatemala": "América/Guatemala",
    "America/Guayaquil": "América/Guayaquil",
    "America/Guyana": "América/Guyana",
    "America/Halifax": "América/Halifax",
    "America/Havana": "América/La Habana",
    "America/Hermosillo": "América/Hermosillo",
    "America/Indiana/Indianapolis": "América/Indiana/Indianápolis",
    "America/Indiana/Knox": "América/Indiana/Knox",
    "America/Indiana/Marengo": "América/Indiana/Marengo",
    "America/Indiana/Petersburg": "América/Indiana/Petersburg",
    "America/Indiana/Tell_City": "América/Indiana/Tell City",
    "America/Indiana/Vevay": "América/Indiana/Vevay",
    "America/Indiana/Vincennes": "América/Indiana/Vincennes",
    "America/Indiana/Winamac": "América/Indiana/Winamac",
    "America/Indianapolis": "América/Indianápolis",
    "America/Inuvik": "América/Inuvik",
    "America/Iqaluit": "América/Iqaluit",
    "America/Jamaica": "América/Jamaica",
    "America/Jujuy": "América/Jujuy",
    "America/Juneau": "América/Juneau",
    "America/Kentucky/Louisville": "América/Kentucky/Louisville",
    "America/Kentucky/Monticello": "América/Kentucky/Monticello",
    "America/Knox_IN": "América/Knox_Indiana",
    "America/Kralendijk": "América/Kralendijk",
    "America/La_Paz": "América/La Paz",
    "America/Lima": "América/Lima",
    "America/Los_Angeles": "América/Los Ángeles",
    "America/Louisville": "América/Louisville",
    "America/Lower_Princes": "América/Lower Princes",
    "America/Maceio": "América/Maceió",
    "America/Managua": "América/Managua",
    "America/Manaus": "América/Manaos",
    "America/Marigot": "América/Marigot",
    "America/Martinique": "América/Martinica",
    "America/Matamoros": "América/Matamoros",
    "America/Mazatlan": "América/Mazatlán",
    "America/Mendoza": "América/Mendoza",
    "America/Menominee": "América/Menominee",
    "America/Merida": "América/Mérida",
    "America/Metlakatla": "América/Metlakatla",
    "America/Mexico_City": "América/Ciudad de México",
    "America/Miquelon": "América/Miquelón",
    "America/Moncton": "América/Moncton",
    "America/Monterrey": "América/Monterrey",
    "America/Montevideo": "América/Montevideo",
    "America/Montreal": "América/Montreal",
    "America/Montserrat": "América/Montserrat",
    "America/Nassau": "América/Nasáu",
    "America/New_York": "América/Nueva York",
    "America/Nipigon": "América/Nipigon",
    "America/Nome": "América/Nome",
    "America/Noronha": "América/Noronha",
    "America/North_Dakota/Beulah": "América/Dakota del Norte/Beulah",
    "America/North_Dakota/Center": "América/Dakota del Norte/Center",
    "America/North_Dakota/New_Salem": "América/Dakota del Norte/New Salem",
    "America/Nuuk": "América/Nuuk",
    "America/Ojinaga": "América/Ojinaga",
    "America/Panama": "América/Panamá",
    "America/Pangnirtung": "América/Pangnirtung",
    "America/Paramaribo": "América/Paramaribo",
    "America/Phoenix": "América/Phoenix",
    "America/Port-au-Prince": "América/Puerto Príncipe",
    "America/Port_of_Spain": "América/Puerto España",
    "America/Porto_Acre": "América/Porto_Acre",
    "America/Porto_Velho": "América/Porto Velho",
    "America/Puerto_Rico": "América/Puerto Rico",
    "America/Punta_Arenas": "América/Punta Arenas",
    "America/Rainy_River": "América/Rainy River",
    "America/Rankin_Inlet": "América/Rankin Inlet",
    "America/Recife": "América/Recife",
    "America/Regina": "América/Regina",
    "America/Resolute": "América/Resolute",
    "America/Rio_Branco": "América/Rio Branco",
    "America/Rosario": "América/Rosario",
    "America/Santa_Isabel": "América/Santa Isabel",
    "America/Santarem": "América/Santarém",
    "America/Santiago": "América/Santiago",
    "America/Santo_Domingo": "América/Santo Domingo",
    "America/Sao_Paulo": "América/San Pablo",
    "America/Scoresbysund": "América/Scoresby Sund",
    "America/Shiprock": "América/Shiprock",
    "America/Sitka": "América/Sitka",
    "America/St_Barthelemy": "América/San Bartolomé",
    "America/St_Johns": "América/San Juan",
    "America/St_Kitts": "América/San Cristóbal",
    "America/St_Lucia": "América/Santa Lucía",
    "America/St_Thomas": "América/Santo Tomás",
    "America/St_Vincent": "América/San Vicente",
    "America/Swift_Current": "América/Swift Current",
    "America/Tegucigalpa": "América/Tegucigalpa",
    "America/Thule": "América/Thule",
    "America/Thunder_Bay": "América/Thunder Bay",
    "America/Tijuana": "América/Tijuana",
    "America/Toronto": "América/Toronto",
    "America/Tortola": "América/Tórtola",
    "America/Vancouver": "América/Vancouver",
    "America/Virgin": "América/Virgin",
    "America/Whitehorse": "América/Whitehorse",
    "America/Winnipeg": "América/Winnipeg",
    "America/Yakutat": "América/Yakutat",
    "America/Yellowknife": "América/Yellowknife",
    "American Samoa": "Samoa Americana",
    "Andorra": "Andorra",
    "Angola": "Angola",
    "Anguilla": "Anguila",
    "Antarctica": "Antártida",
    "Antarctica/Casey": "Antártida/Casey",
    "Antarctica/Davis": "Antártida/Davis",
    "Antarctica/DumontDUrville": "Antártida/Dumont D'Urville",
    "Antarctica/Macquarie": "Antártida/Macquarie",
    "Antarctica/Mawson": "Antártida/Mawson",
    "Antarctica/McMurdo": "Antártida/McMurdo",
    "Antarctica/Palmer": "Antártida/Palmer",
    "Antarctica/Rothera": "Antártida/Rothera",
    "Antarctica/South_Pole": "Antártida/Polo_Sur",
    "Antarctica/Syowa": "Antártida/Syowa",
    "Antarctica/Troll": "Antártida/Troll",
    "Antarctica/Vostok": "Antártida/Vostok",
    "Antigua and Barbuda": "Antigua y Barbuda",
    "Arctic/Longyearbyen": "Ártico/Longyearbyen",
    "Argentina": "Argentina",
    "Armenia": "Armenia",
    "Aruba": "Aruba",
    "Asia/Aden": "Asia/Adén",
    "Asia/Almaty": "Asia/Almatý",
    "Asia/Amman": "Asia/Amán",
    "Asia/Anadyr": "Asia/Anádyr",
    "Asia/Aqtau": "Asia/Aqtau",
    "Asia/Aqtobe": "Asia/Aqtobe",
    "Asia/Ashgabat": "Asia/Ashgabat",
    "Asia/Ashkhabad": "Asia/Asjabad",
    "Asia/Atyrau": "Asia/Atirau",
    "Asia/Baghdad": "Asia/Bagdad",
    "Asia/Bahrain": "Asia/Baréin",
    "Asia/Baku": "Asia/Bakú",
    "Asia/Bangkok": "Asia/Bangkok",
    "Asia/Barnaul": "Asia/Barnaúl",
    "Asia/Beirut": "Asia/Beirut",
    "Asia/Bishkek": "Asia/Bishkek",
    "Asia/Brunei": "Asia/Brunéi",
    "Asia/Calcutta": "Asia/Calcuta",
    "Asia/Chita": "Asia/Chita",
    "Asia/Choibalsan": "Asia/Choibalsan",
    "Asia/Chongqing": "Asia/Chongqing",
    "Asia/Chungking": "Asia/Chongqing",
    "Asia/Colombo": "Asia/Colombo",
    "Asia/Dacca": "Asia/Daca",
    "Asia/Damascus": "Asia/Damasco",
    "Asia/Dhaka": "Asia/Dhaka",
    "Asia/Dili": "Asia/Dili",
    "Asia/Dubai": "Asia/Dubái",
    "Asia/Dushanbe": "Asia/Dusambé",
    "Asia/Famagusta": "Asia/Famagusta",
    "Asia/Gaza": "Asia/Gaza",
    "Asia/Harbin": "Asia/Harbin",
    "Asia/Hebron": "Asia/Hebrón",
    "Asia/Ho_Chi_Minh": "Asia/Ho Chi Minh",
    "Asia/Hong_Kong": "Asia/Hong Kong",
    "Asia/Hovd": "Asia/Hovd",
    "Asia/Irkutsk": "Asia/Irkutsk",
    "Asia/Istanbul": "Asia/Estambul",
    "Asia/Jakarta": "Asia/Yakarta",
    "Asia/Jayapura": "Asia/Jayapura",
    "Asia/Jerusalem": "Asia/Jerusalén",
    "Asia/Kabul": "Asia/Kabul",
    "Asia/Kamchatka": "Asia/Kamchatka",
    "Asia/Karachi": "Asia/Karachi",
    "Asia/Kashgar": "Asia/Kashgar",
    "Asia/Kathmandu": "Asia/Katmandú",
    "Asia/Katmandu": "Asia/Katmandú",
    "Asia/Khandyga": "Asia/Khandyga",
    "Asia/Kolkata": "Asia/Calcuta",
    "Asia/Krasnoyarsk": "Asia/Krasnoyarsk",
    "Asia/Kuala_Lumpur": "Asia/Kuala Lumpur",
    "Asia/Kuching": "Asia/Kuching",
    "Asia/Kuwait": "Asia/Kuwait",
    "Asia/Macao": "Asia/Macao",
    "Asia/Macau": "Asia/Macau",
    "Asia/Magadan": "Asia/Magadán",
    "Asia/Makassar": "Asia/Makassar",
    "Asia/Manila": "Asia/Manila",
    "Asia/Muscat": "Asia/Muscat",
    "Asia/Nicosia": "Asia/Nicosia",
    "Asia/Novokuznetsk": "Asia/Novokuznetsk",
    "Asia/Novosibirsk": "Asia/Novosibirsk",
    "Asia/Omsk": "Asia/Omsk",
    "Asia/Oral": "Asia/Oral",
    "Asia/Phnom_Penh": "Asia/Phnom Penh",
    "Asia/Pontianak": "Asia/Pontianak",
    "Asia/Pyongyang": "Asia/Pyongyang",
    "Asia/Qatar": "Asia/Catar",
    "Asia/Qostanay": "Asia/Kostanái",
    "Asia/Qyzylorda": "Asia/Qyzylorda",
    "Asia/Rangoon": "Asia/Rangún",
    "Asia/Riyadh": "Asia/Riyadh",
    "Asia/Saigon": "Asia/Saigón",
    "Asia/Sakhalin": "Asia/Sakhalin",
    "Asia/Samarkand": "Asia/Samarkand",
    "Asia/Seoul": "Asia/Seúl",
    "Asia/Shanghai": "Asia/Shanghái",
    "Asia/Singapore": "Asia/Singapur",
    "Asia/Srednekolymsk": "Asia/Srednekolymsk",
    "Asia/Taipei": "Asia/Taipéi",
    "Asia/Tashkent": "Asia/Tashkent",
    "Asia/Tbilisi": "Asia/Tbilisi",
    "Asia/Tehran": "Asia/Teherán",
    "Asia/Tel_Aviv": "Asia/Tel_Aviv",
    "Asia/Thimbu": "Asia/Timbu",
    "Asia/Thimphu": "Asia/Thimphu",
    "Asia/Tokyo": "Asia/Tokio",
    "Asia/Tomsk": "Asia/Tomsk",
    "Asia/Ujung_Pandang": "Asia/Ujung_Pandang",
    "Asia/Ulaanbaatar": "Asia/Ulán Bator",
    "Asia/Ulan_Bator": "Asia/Ulán_Bator",
    "Asia/Urumqi": "Asia/Urumqi",
    "Asia/Ust-Nera": "Asia/Ust-Nera",
    "Asia/Vientiane": "Asia/Vientián",
    "Asia/Vladivostok": "Asia/Vladivostok",
    "Asia/Yakutsk": "Asia/Yakutsk",
    "Asia/Yangon": "Asia/Rangún",
    "Asia/Yekaterinburg": "Asia/Ekaterimburgo",
    "Asia/Yerevan": "Asia/Ereván",
    "Atlantic/Azores": "Atlántico/Azores",
    "Atlantic/Bermuda": "Atlántico/Bermudas",
    "Atlantic/Canary": "Atlántico/Canarias",
    "Atlantic/Cape_Verde": "Atlántico/Cabo Verde",
    "Atlantic/Faeroe": "Atlántico/Feroe",
    "Atlantic/Faroe": "Atlántico/Feroe",
    "Atlantic/Jan_Mayen": "Atlántico/Jan_Mayen",
    "Atlantic/Madeira": "Atlántico/Madeira",
    "Atlantic/Reykjavik": "Atlántico/Reikiavik",
    "Atlantic/South_Georgia": "Atlántico/Georgias del Sur",
    "Atlantic/St_Helena": "Atlántico/Santa Helena",
    "Atlantic/Stanley": "Atlántico/Stanley",
    "Australia": "Australia",
    "Australia/ACT": "Australia/ACT",
    "Australia/Adelaide": "Australia/Adelaida",
    "Australia/Brisbane": "Australia/Brisbane",
    "Australia/Broken_Hill": "Australia/Broken Hill",
    "Australia/Canberra": "Australia/Canberra",
    "Australia/Currie": "Australia/Currie",
    "Australia/Darwin": "Australia/Darwin",
    "Australia/Eucla": "Australia/Eucla",
    "Australia/Hobart": "Australia/Hobart",
    "Australia/LHI": "Australia/LHI",
    "Australia/Lindeman": "Australia/Lindeman",
    "Australia/Lord_Howe": "Australia/Lord Howe",
    "Australia/Melbourne": "Australia/Melbourne",
    "Australia/NSW": "Australia/NSW",
    "Australia/North": "Australia/Norte",
    "Australia/Perth": "Australia/Perth",
    "Australia/Queensland": "Australia/Queensland",
    "Australia/South": "Australia/Sur",
    "Australia/Sydney": "Australia/Sídney",
    "Australia/Tasmania": "Australia/Tasmania",
    "Australia/Victoria": "Australia/Victoria",
    "Australia/West": "Australia/Oeste",
    "Australia/Yancowinna": "Australia/Yancowinna",
    "Austria": "Austria",
    "Azerbaijan": "Azerbaiyán",
    "Bahamas": "Bahamas",
    "Bahrain": "Bahréin",
    "Bangladesh": "Bangladés",
    "Barbados": "Barbados",
    "Belarus": "Bielorrusia",
    "Belgium": "Bélgica",
    "Belize": "Belice",
    "Benin": "Benín",
    "Bermuda": "Bermudas",
    "Bhutan": "Bután",
    "Bolivia": "Bolivia",
    "Bonaire, Saint Eustatius and Saba ": "Bonaire, San Eustaquio y Saba",
    "Bosnia and Herzegovina": "Bosnia y Herzegovina",
    "Botswana": "Botsuana",
    "Brazil": "Brasil",
    "Brazil/Acre": "Brasil/Acre",
    "Brazil/DeNoronha": "Brasil/Fernando_de_Noronha",
    "Brazil/East": "Brasil/Este",
    "Brazil/West": "Brasil/Oeste",
    "British Indian Ocean Territory": "Territorio Británico del Océano Índico",
    "British Virgin Islands": "Islas Vírgenes Británicas",
    "Brunei": "Brunéi",
    "Bulgaria": "Bulgaria",
    "Burkina Faso": "Burkina Faso",
    "Burundi": "Burundi",
    "CET": "CET",
    "CST6CDT": "CST6CDT",
    "Cabo Verde": "Cabo Verde",
    "Cambodia": "Camboya",
    "Cameroon": "Camerún",
    "Canada": "Canadá",
    "Canada/Atlantic": "Canadá/Atlántico",
    "Canada/Central": "Canadá/Central",
    "Canada/Eastern": "Canadá/Este",
    "Canada/Mountain": "Canadá/Montaña",
    "Canada/Newfoundland": "Canadá/Terranova",
    "Canada/Pacific": "Canadá/Pacífico",
    "Canada/Saskatchewan": "Canadá/Saskatchewan",
    "Canada/Yukon": "Canadá/Yukón",
    "Cayman Islands": "Islas Caimán",
    "Central African Republic": "República Centroafricana",
    "Chad": "Chad",
    "Chile": "Chile",
    "Chile/Continental": "Chile/Continental",
    "Chile/EasterIsland": "Chile/Isla_de_Pascua",
    "China": "China",
    "Christmas Island": "Isla Navidad",
    "Cocos Islands": "Islas Cocos",
    "Colombia": "Colombia",
    "Comoros": "Comoras",
    "Cook Islands": "Islas Cook",
    "Costa Rica": "Costa Rica",
    "Croatia": "Croacia",
    "Cuba": "Cuba",
    "Curacao": "Curazao",
    "Cyprus": "Chipre",
    "Czechia": "República Checa",
    "Democratic Republic of the Congo": "República Democrática del Congo",
    "Denmark": "Dinamarca",
    "Djibouti": "Yibuti",
    "Dominica": "Dominica",
    "Dominican Republic": "República Dominicana",
    "EET": "EET",
    "EST": "EST",
    "EST5EDT": "EST5EDT",
    "Ecuador": "Ecuador",
    "Egypt": "Egipto",
    "Eire": "Éire",
    "El Salvador": "El Salvador",
    "Equatorial Guinea": "Guinea Ecuatoriana",
    "Eritrea": "Eritrea",
    "Estonia": "Estonia",
    "Eswatini": "Esuatini",
    "Etc/GMT": "Etc/GMT",
    "Etc/GMT+0": "Etc/GMT+0",
    "Etc/GMT+1": "Etc/GMT+1",
    "Etc/GMT+10": "Etc/GMT+10",
    "Etc/GMT+11": "Etc/GMT+11",
    "Etc/GMT+12": "Etc/GMT+12",
    "Etc/GMT+2": "Etc/GMT+2",
    "Etc/GMT+3": "Etc/GMT+3",
    "Etc/GMT+4": "Etc/GMT+4",
    "Etc/GMT+5": "Etc/GMT+5",
    "Etc/GMT+6": "Etc/GMT+6",
    "Etc/GMT+7": "Etc/GMT+7",
    "Etc/GMT+8": "Etc/GMT+8",
    "Etc/GMT+9": "Etc/GMT+9",
    "Etc/GMT-0": "Etc/GMT-0",
    "Etc/GMT-1": "Etc/GMT-1",
    "Etc/GMT-10": "Etc/GMT-10",
    "Etc/GMT-11": "Etc/GMT-11",
    "Etc/GMT-12": "Etc/GMT-12",
    "Etc/GMT-13": "Etc/GMT-13",
    "Etc/GMT-14": "Etc/GMT-14",
    "Etc/GMT-2": "Etc/GMT-2",
    "Etc/GMT-3": "Etc/GMT-3",
    "Etc/GMT-4": "Etc/GMT-4",
    "Etc/GMT-5": "Etc/GMT-5",
    "Etc/GMT-6": "Etc/GMT-6",
    "Etc/GMT-7": "Etc/GMT-7",
    "Etc/GMT-8": "Etc/GMT-8",
    "Etc/GMT-9": "Etc/GMT-9",
    "Etc/UCT": "Etc/UCT",
    "Etc/UTC": "Etc/UTC",
    "Ethiopia": "Etiopía",
    "Europe/Amsterdam": "Europa/Ámsterdam",
    "Europe/Andorra": "Europa/Andorra",
    "Europe/Astrakhan": "Europa/Astracán",
    "Europe/Athens": "Europa/Atenas",
    "Europe/Belfast": "Europa/Belfast",
    "Europe/Belgrade": "Europa/Belgrado",
    "Europe/Berlin": "Europa/Berlín",
    "Europe/Bratislava": "Europa/Bratislava",
    "Europe/Brussels": "Europa/Bruselas",
    "Europe/Bucharest": "Europa/Bucarest",
    "Europe/Budapest": "Europa/Budapest",
    "Europe/Busingen": "Europa/Busingen",
    "Europe/Chisinau": "Europa/Chisináu",
    "Europe/Copenhagen": "Europa/Copenhague",
    "Europe/Dublin": "Europa/Dublín",
    "Europe/Gibraltar": "Europa/Gibraltar",
    "Europe/Guernsey": "Europa/Guernsey",
    "Europe/Helsinki": "Europa/Helsinki",
    "Europe/Isle_of_Man": "Europa/Isla de Man",
    "Europe/Istanbul": "Europa/Estambul",
    "Europe/Jersey": "Europa/Jersey",
    "Europe/Kaliningrad": "Europa/Kaliningrado",
    "Europe/Kiev": "Europa/Kiev",
    "Europe/Kirov": "Europa/Kírov",
    "Europe/Kyiv": "Europa/Kiev",
    "Europe/Lisbon": "Europa/Lisboa",
    "Europe/Ljubljana": "Europa/Liubliana",
    "Europe/London": "Europa/Londres",
    "Europe/Luxembourg": "Europa/Luxemburgo",
    "Europe/Madrid": "Europa/Madrid",
    "Europe/Malta": "Europa/Malta",
    "Europe/Mariehamn": "Europa/Mariehamn",
    "Europe/Minsk": "Europa/Minsk",
    "Europe/Monaco": "Europa/Mónaco",
    "Europe/Moscow": "Europa/Moscú",
    "Europe/Nicosia": "Europa/Nicosia",
    "Europe/Oslo": "Europa/Oslo",
    "Europe/Paris": "Europa/París",
    "Europe/Podgorica": "Europa/Podgorica",
    "Europe/Prague": "Europa/Praga",
    "Europe/Riga": "Europa/Riga",
    "Europe/Rome": "Europa/Roma",
    "Europe/Samara": "Europa/Samara",
    "Europe/San_Marino": "Europa/San Marino",
    "Europe/Sarajevo": "Europa/Sarajevo",
    "Europe/Saratov": "Europa/Sarátov",
    "Europe/Simferopol": "Europa/Simferópol",
    "Europe/Skopje": "Europa/Skopie",
    "Europe/Sofia": "Europa/Sofía",
    "Europe/Stockholm": "Europa/Estocolmo",
    "Europe/Tallinn": "Europa/Tallin",
    "Europe/Tirane": "Europa/Tirana",
    "Europe/Tiraspol": "Europa/Tiráspol",
    "Europe/Ulyanovsk": "Europa/Uliánovsk",
    "Europe/Uzhgorod": "Europa/Úzhgorod",
    "Europe/Vaduz": "Europa/Vaduz",
    "Europe/Vatican": "Europa/Vaticano",
    "Europe/Vienna": "Europa/Viena",
    "Europe/Vilnius": "Europa/Vilna",
    "Europe/Volgograd": "Europa/Volgogrado",
    "Europe/Warsaw": "Europa/Varsovia",
    "Europe/Zagreb": "Europa/Zagreb",
    "Europe/Zaporozhye": "Europa/Zaporiyia",
    "Europe/Zurich": "Europa/Zúrich",
    "Falkland Islands": "Islas Malvinas",
    "Faroe Islands": "Islas Feroe",
    "Fiji": "Fiyi",
    "Finland": "Finlandia",
    "France": "Francia",
    "French Guiana": "Guayana Francesa",
    "French Polynesia": "Polinesia Francesa",
    "French Southern Territories": "Territorios Australes Franceses",
    "GB": "GB",
    "GB-Eire": "GB-Éire",
    "GMT": "GMT",
    "GMT-12:00": "GMT-12:00",
    "Gabon": "Gabón",
    "Gambia": "Gambia",
    "Georgia": "Georgia",
    "Germany": "Alemania",
    "Ghana": "Ghana",
    "Gibraltar": "Gibraltar",
    "Greece": "Grecia",
    "Greenland": "Groenlandia",
    "Grenada": "Granada",
    "Guadeloupe": "Guadalupe",
    "Guam": "Guam",
    "Guatemala": "Guatemala",
    "Guernsey": "Guernsey",
    "Guinea": "Guinea",
    "Guinea-Bissau": "Guinea-Bisáu",
    "Guyana": "Guyana",
    "HST": "HST",
    "Haiti": "Haití",
    "Honduras": "Honduras",
    "Hong Kong": "Hong Kong",
    "Hongkong": "Hong Kong",
    "Hungary": "Hungría",
    "Iceland": "Islandia",
    "India": "India",
    "Indian/Antananarivo": "Índico/Antananarivo",
    "Indian/Chagos": "Índico/Chagos",
    "Indian/Christmas": "Índico/Navidad",
    "Indian/Cocos": "Índico/Cocos",
    "Indian/Comoro": "Índico/Comoras",
    "Indian/Kerguelen": "Índico/Kerguelen",
    "Indian/Mahe": "Índico/Mahé",
    "Indian/Maldives": "Índico/Maldivas",
    "Indian/Mauritius": "Índico/Mauricio",
    "Indian/Mayotte": "Índico/Mayotte",
    "Indian/Reunion": "Índico/Reunión",
    "Indonesia": "Indonesia",
    "Iran": "Irán",
    "Iraq": "Irak",
    "Ireland": "Irlanda",
    "Isle of Man": "Isla de Man",
    "Israel": "Israel",
    "Italy": "Italia",
    "Ivory Coast": "Costa de Marfil",
    "Jamaica": "Jamaica",
    "Japan": "Japón",
    "Jersey": "Jersey",
    "Jordan": "Jordania",
    "Kazakhstan": "Kazajistán",
    "Kenya": "Kenia",
    "Kiribati": "Kiribati",
    "Kuwait": "Kuwait",
    "Kwajalein": "Kwajalein",
    "Kyrgyzstan": "Kirguistán",
    "Laos": "Laos",
    "Latvia": "Letonia",
    "Lebanon": "Líbano",
    "Lesotho": "Lesoto",
    "Liberia": "Liberia",
    "Libya": "Libia",
    "Liechtenstein": "Liechtenstein",
    "Lithuania": "Lituania",
    "Luxembourg": "Luxemburgo",
    "MET": "MET",
    "MST": "MST",
    "MST7MDT": "MST7MDT",
    "Macao": "Macao",
    "Madagascar": "Madagascar",
    "Malawi": "Malaui",
    "Malaysia": "Malasia",
    "Maldives": "Maldivas",
    "Mali": "Malí",
    "Malta": "Malta",
    "Marshall Islands": "Islas Marshall",
    "Martinique": "Martinica",
    "Mauritania": "Mauritania",
    "Mauritius": "Mauricio",
    "Mayotte": "Mayotte",
    "Mexico": "México",
    "Mexico/BajaNorte": "México/Baja_Norte",
    "Mexico/BajaSur": "México/Baja_Sur",
    "Mexico/General": "México/General",
    "Micronesia": "Micronesia",
    "Moldova": "Moldavia",
    "Monaco": "Mónaco",
    "Mongolia": "Mongolia",
    "Montenegro": "Montenegro",
    "Montserrat": "Montserrat",
    "Morocco": "Marruecos",
    "Mozambique": "Mozambique",
    "Myanmar": "Birmania",
    "NZ": "NZ",
    "NZ-CHAT": "NZ-CHAT",
    "Namibia": "Namibia",
    "Nauru": "Nauru",
    "Navajo": "Navajo",
    "Nepal": "Nepal",
    "New Caledonia": "Nueva Caledonia",
    "New Zealand": "Nueva Zelanda",
    "Nicaragua": "Nicaragua",
    "Niger": "Níger",
    "Nigeria": "Nigeria",
    "Niue": "Niue",
    "Norfolk Island": "Isla Norfolk",
    "North Korea": "Corea del Norte",
    "North Macedonia": "Macedonia del Norte",
    "Northern Mariana Islands": "Islas Marianas del Norte",
    "Norway": "Noruega",
    "Oman": "Omán",
    "PRC": "RPC",
    "PST8PDT": "PST8PDT",
    "Pacific/Apia": "Pacífico/Apia",
    "Pacific/Auckland": "Pacífico/Auckland",
    "Pacific/Bougainville": "Pacífico/Bougainville",
    "Pacific/Chatham": "Pacífico/Chatham",
    "Pacific/Chuuk": "Pacífico/Chuuk",
    "Pacific/Easter": "Pacífico/Pascua",
    "Pacific/Efate": "Pacífico/Éfaté",
    "Pacific/Enderbury": "Pacífico/Enderbury",
    "Pacific/Fakaofo": "Pacífico/Fakaofo",
    "Pacific/Fiji": "Pacífico/Fiyi",
    "Pacific/Funafuti": "Pacífico/Funafuti",
    "Pacific/Galapagos": "Pacífico/Galápagos",
    "Pacific/Gambier": "Pacífico/Gambier",
    "Pacific/Guadalcanal": "Pacífico/Guadalcanal",
    "Pacific/Guam": "Pacífico/Guam",
    "Pacific/Honolulu": "Pacífico/Honolulu",
    "Pacific/Johnston": "Pacífico/Johnston",
    "Pacific/Kanton": "Pacífico/Kanton",
    "Pacific/Kiritimati": "Pacífico/Kiritimati",
    "Pacific/Kosrae": "Pacífico/Kosrae",
    "Pacific/Kwajalein": "Pacífico/Kwajalein",
    "Pacific/Majuro": "Pacífico/Majuro",
    "Pacific/Marquesas": "Pacífico/Marquesas",
    "Pacific/Midway": "Pacífico/Midway",
    "Pacific/Nauru": "Pacífico/Nauru",
    "Pacific/Niue": "Pacífico/Niue",
    "Pacific/Norfolk": "Pacífico/Norfolk",
    "Pacific/Noumea": "Pacífico/Numea",
    "Pacific/Pago_Pago": "Pacífico/Pago Pago",
    "Pacific/Palau": "Pacífico/Palaos",
    "Pacific/Pitcairn": "Pacífico/Pitcairn",
    "Pacific/Pohnpei": "Pacífico/Pohnpei",
    "Pacific/Ponape": "Pacífico/Pohnpei",
    "Pacific/Port_Moresby": "Pacífico/Puerto Moresby",
    "Pacific/Rarotonga": "Pacífico/Rarotonga",
    "Pacific/Saipan": "Pacífico/Saipán",
    "Pacific/Samoa": "Pacífico/Samoa",
    "Pacific/Tahiti": "Pacífico/Tahití",
    "Pacific/Tarawa": "Pacífico/Tarawa",
    "Pacific/Tongatapu": "Pacífico/Tongatapu",
    "Pacific/Truk": "Pacífico/Truk",
    "Pacific/Wake": "Pacífico/Wake",
    "Pacific/Wallis": "Pacífico/Wallis",
    "Pacific/Yap": "Pacífico/Yap",
    "Pakistan": "Pakistán",
    "Palau": "Palau",
    "Palestinian Territory": "Estado de Palestina",
    "Panama": "Panamá",
    "Papua New Guinea": "Papúa Nueva Guinea",
    "Paraguay": "Paraguay",
    "Peru": "Perú",
    "Philippines": "Filipinas",
    "Pitcairn": "Pitcairn",
    "Poland": "Polonia",
    "Portugal": "Portugal",
    "Puerto Rico": "Puerto Rico",
    "Qatar": "Catar",
    "ROC": "ROC",
    "ROK": "ROK",
    "Republic of the Congo": "República del Congo",
    "Reunion": "Reunión",
    "Romania": "Rumanía",
    "Russia": "Rusia",
    "Rwanda": "Ruanda",
    "Saint Barthelemy": "San Bartolomé",
    "Saint Helena": "Santa Elena",
    "Saint Kitts and Nevis": "San Cristóbal y Nieves",
    "Saint Lucia": "Santa Lucía",
    "Saint Martin": "San Martín",
    "Saint Pierre and Miquelon": "San Pedro y Miquelón",
    "Saint Vincent and the Grenadines": "San Vicente y las Granadinas",
    "Samoa": "Samoa",
    "San Marino": "San Marino",
    "Sao Tome and Principe": "Santo Tomé y Príncipe",
    "Saudi Arabia": "Arabia Saudita",
    "Senegal": "Senegal",
    "Serbia": "Serbia",
    "Seychelles": "Seychelles",
    "Sierra Leone": "Sierra Leona",
    "Singapore": "Singapur",
    "Sint Maarten": "Sint Maarten",
    "Slovakia": "Eslovaquia",
    "Slovenia": "Eslovenia",
    "Solomon Islands": "Islas Salomón",
    "Somalia": "Somalia",
    "South Africa": "Sudáfrica",
    "South Georgia and the South Sandwich Islands": "Islas Georgias del Sur y Sandwich del Sur",
    "South Korea": "Corea del Sur",
    "South Sudan": "Sudán del Sur",
    "Spain": "España",
    "Sri Lanka": "Sri Lanka",
    "Sudan": "Sudán",
    "Suriname": "Surinam",
    "Svalbard and Jan Mayen": "Svalbard y Jan Mayen",
    "Sweden": "Suecia",
    "Switzerland": "Suiza",
    "Syria": "Siria",
    "Taiwan": "Taiwán",
    "Tajikistan": "Tayikistán",
    "Tanzania": "Tanzania",
    "Thailand": "Tailandia",
    "The Netherlands": "Países Bajos",
    "Timor Leste": "Timor Oriental",
    "Togo": "Togo",
    "Tokelau": "Tokelau",
    "Tonga": "Tonga",
    "Trinidad and Tobago": "Trinidad y Tobago",
    "Tunisia": "Túnez",
    "Turkey": "Turquía",
    "Turkmenistan": "Turkmenistán",
    "Turks and Caicos Islands": "Islas Turcas y Caicos",
    "Tuvalu": "Tuvalu",
    "U.S. Virgin Islands": "Islas Vírgenes de los Estados Unidos",
    "US/Alaska": "EE. UU./Alaska",
    "US/Aleutian": "EE. UU./Aleutianas",
    "US/Arizona": "EE. UU./Arizona",
    "US/Central": "EE. UU./Central",
    "US/East-Indiana": "EE. UU./Indiana_Oriental",
    "US/Eastern": "EE. UU./Este",
    "US/Hawaii": "EE. UU./Hawái",
    "US/Indiana-Starke": "EE. UU./Indiana-Starke",
    "US/Michigan": "EE. UU./Míchigan",
    "US/Mountain": "EE. UU./Montaña",
    "US/Pacific": "EE. UU./Pacífico",
    "US/Samoa": "EE. UU./Samoa",
    "UTC": "UTC",
    "Uganda": "Uganda",
    "Ukraine": "Ucrania",
    "United Arab Emirates": "Emiratos Árabes Unidos",
    "United Kingdom": "Reino Unido",
    "United States Minor Outlying Islands": "Islas Ultramarinas Menores de Estados Unidos",
    "United States": "Estados Unidos",
    "Uruguay": "Uruguay",
    "Uzbekistan": "Uzbekistán",
    "Vanuatu": "Vanuatu",
    "Vatican": "Vaticano",
    "Venezuela": "Venezuela",
    "Vietnam": "Vietnam",
    "W-SU": "W-SU",
    "WET": "WET",
    "Wallis and Futuna": "Wallis y Futuna",
    "Western Sahara": "Sáhara Occidental",
    "Yemen": "Yemen",
    "Zambia": "Zambia",
    "Zimbabwe": "Zimbabue",
    "all": "Todo",
    "default": "Predeterminado",
    "localAndWorkspaceDefault": "(Local y área de trabajo por defecto)",
    "localDefault": "(Local)",
    "selectZone": "Buscar por región, país o ciudad",
    "timeZones": "Zonas horarias",
    "workspaceDefault": "(Área de trabajo por defecto)"
  },
  "gux-toggle": {
    "defaultAriaLabel": "Alternar cambio",
    "toggleIsLoading": "El botón de alternancia se está cargando",
    "toggleIsFinishedLoading": "El botón de alternancia terminó de cargarse"
  }
}
