{
  "gux-action-button": {
    "moreOptions": "Więcej opcji"
  },
  "gux-advanced-dropdown-legacy": {
    "searchAria": "Szukaj"
  },
  "gux-avatar": {
    "notifications": "Powiadomienia"
  },
  "gux-avatar-change-photo": {
    "changePhoto": "Zmień zdjęcie profilowe"
  },
  "gux-badge": {
    "info": "odznaka z etykietą: {label}, akcent: info",
    "info-bold": "odznaka z etykietą: {label}, akcent: info. pogrub.",
    "success": "odznaka z etykietą: {label}, akcent: powodzenie",
    "success-bold": "odznaka z etykietą: {label}, akcent: powodzenie pogrub.",
    "warning": "odznaka z etykietą: {label}, akcent: ostrzeżenie",
    "warning-bold": "odznaka z etykietą: {label}, akcent: ostrzeżenie pogrub.",
    "error": "odznaka z etykietą: {label}, akcent: błąd",
    "error-bold": "odznaka z etykietą: {label}, akcent: błąd błąd",
    "inherit": "odznaka z etykietą: {label}",
    "inherit-bold": "odznaka z etykietą: {label}, pogrub."
  },
  "gux-breadcrumbs": {
    "breadcrumbs": "Łącza do stron nadrzędnych"
  },
  "gux-calendar-beta": {
    "previousMonth": "Poprzedni miesiąc: {localizedPreviousMonthAndYear}",
    "nextMonth": "Następny miesiąc: {localizedNextMonthAndYear}"
  },
  "gux-column-manager": {
    "search": "Szukaj",
    "searchResults": "wyniki wyszukiwania",
    "selectedColumnCount": "Wybrane kolumny: {count}/{total}",
    "selectAllColumnsScreenReader": "Wybrano {count} z {total} kolumn: zaznacz pole wyboru, aby wybrać wszystkie kolumny ({total})",
    "unselectAllColumnsScreenReader": "Wybrano {count} z {total} kolumn: usuń zaznaczenie pola wyboru, aby anulować wybór wszystkich kolumn ({total})",
    "movePositionPrompt": "Naciśnij klawisz spacji lub Enter, aby przenieść kolumnę {columnName} z pozycji {oldPositionNumber} do pozycji {newPositionNumber}.",
    "reorderingModeActive": "Tryb zmiany kolejności jest aktywny. Zmień pozycję kolumny {columnName} przy użyciu klawisza strzałki w górę, klawisza strzałki w dół, klawisza Home lub End. Aby dezaktywować tryb zmiany kolejności, naciśnij klawisz Escape."
  },
  "gux-column-manager-item": {
    "activateReordering": "Aktywuj tryb zmiany kolejności dla kolumny {columnName}"
  },
  "gux-content-search": {
    "eraseBtnAria": "Wyczyść tekst wyszukiwania",
    "navigateNextBtn": "Wyróżnij następny wynik",
    "navigatePreviousBtn": "Wyróżnij poprzedni wynik",
    "totalMatches": "{currentMatch, number} z {matchCount, number}",
    "clear": "Wyczyść"
  },
  "gux-context-menu": {
    "contextMenuScreenreaderText": "Menu kontekstowe"
  },
  "gux-copy-to-clipboard": {
    "clickToCopy": "Kliknij, aby skopiować",
    "enterToCopy": "Naciśnij Enter, aby skopiować",
    "copySuccess": "Skopiowano do schowka",
    "copyFailure": "Wystąpił błąd. Spróbuj ponownie."
  },
  "gux-create-option": {
    "createCustomOptionInstructions": ", wybierz w celu utworzenia nowej opcji niestandardowej",
    "createOption": "Dodaj \"{optionValue}\""
  },
  "gux-datepicker": {
    "start": "Rozpoczęcie",
    "end": "Zakończenie",
    "date": "Data",
    "toggleCalendar": "Przełącz widok kalendarza"
  },
  "gux-disclosure-button-legacy": {
    "defaultLabel": "Przycisk ujawnienia"
  },
  "gux-dismiss-button": {
    "dismiss": "Odrzuć"
  },
  "gux-dropdown": {
    "filterResults": "Zacznij pisać, aby filtrować wyniki na liście",
    "noSelection": "Wybierz...",
    "dropdown": "Lista rozwijana"
  },
  "gux-dropdown-multi": {
    "textInputResults": "Zacznij pisać, aby filtrować wyniki na liście",
    "noSelection": "Wybierz...",
    "dropdown": "Lista rozwijana",
    "numberSelected": "Wybrane: {numberSelected}",
    "pressEnterToCreate": "Naciśnij klawisz Enter, aby utworzyć nową opcję, {textInputValue}"
  },
  "gux-dropdown-multi-tag": {
    "clearSelection": "Wyczyść wybrane elementy: {numberSelected}"
  },
  "gux-form-field-dropdown": {
    "required": "Wymagane"
  },
  "gux-form-field-input-clear-button": {
    "clear": "Wyczyść"
  },
  "gux-form-field-number": {
    "increment": "Zwiększ",
    "decrement": "Zmniejsz"
  },
  "gux-form-field-phone": {
    "required": "Wymagane"
  },
  "gux-form-field-time-picker": {
    "required": "Wymagane"
  },
  "gux-form-field-time-zone-picker": {
    "required": "Wymagane"
  },
  "gux-inline-alert": {
    "info": "Alarm informacyjny z komunikatem",
    "success": "Alarm dotyczący powodzenia z komunikatem",
    "warning": "Alarm ostrzegawczy z komunikatem",
    "error": "Alarm dotyczący błędu z komunikatem"
  },
  "gux-listbox": {
    "noMatches": "Brak wyników",
    "loading": "Wczytywanie..."
  },
  "gux-listbox-multi": {
    "add": "Dodaj {name}",
    "noMatches": "Brak wyników",
    "loading": "Wczytywanie..."
  },
  "gux-month-calendar": {
    "changeYear": "Bieżący rok to {currentYear}. Kliknij, aby zmienić rok na {changeYear}"
  },
  "gux-month-picker": {
    "toggleCalendar": "Przełącz miesięczny widok kalendarza",
    "month": "Miesiąc",
    "year": "Rok",
    "unset": "Anuluj ustawienie"
  },
  "gux-option-multi": {
    "removeCustomElementInstructions": ", anulowanie wyboru tej opcji niestandardowej spowoduje jej usunięcie z listy"
  },
  "gux-pagination-buttons": {
    "page": "Strona",
    "totalPages": " z {totalPages, number}",
    "firstPage": "Pierwsza strona",
    "previousPage": "Poprzednia strona",
    "nextPage": "Następna strona",
    "lastPage": "Ostatnia strona",
    "pageInputLabel": "Strona {currentPage, number} z {totalPages, number}",
    "goToPage": "Idź do strony",
    "pageNumber": "Str. {pageNumber}",
    "pageSelected": "Wybrana str.: {pageSelected}"
  },
  "gux-pagination-buttons-legacy": {
    "page": "Str.",
    "totalPages": " z {totalPages, number}",
    "first": "Pierwsza",
    "previous": "Poprzednia",
    "next": "Dalej",
    "last": "Ostatnia",
    "pageInputLabel": "Strona {currentPage, number} z {totalPages, number}"
  },
  "gux-pagination-cursor": {
    "previous": "Wstecz",
    "next": "Dalej"
  },
  "gux-pagination-item-counts": {
    "itemCountDisplay": "{firstItem, number}–{lastItem, number}",
    "totalItems": " z {totalItems, number}"
  },
  "gux-pagination-item-counts-legacy": {
    "itemCountDisplay": "{firstItem, number}–{lastItem, number}",
    "totalItems": " z {totalItems, number}"
  },
  "gux-pagination-items-per-page": {
    "perPage": "na stronę",
    "itemsPerPage": "Elementy na stronę",
    "rangeSelected": "Menu rozwijane pozycji na stronie, wybrane elementy na stronę: {range}"
  },
  "gux-pagination-items-per-page-legacy": {
    "perPage": "na stronę",
    "itemsPerPage": "Elementy na stronę",
    "rangeSelected": "Menu rozwijane pozycji na stronie, wybrano: {range}"
  },
  "gux-phone-input": {
    "AD": "Andora",
    "AE": "Zjednoczone Emiraty Arabskie",
    "AF": "Afganistan",
    "AG": "Antigua i Barbuda",
    "AI": "Anguilla",
    "AL": "Albania",
    "AM": "Armenia",
    "AO": "Angola",
    "AR": "Argentyna",
    "AS": "Samoa Amerykańskie",
    "AT": "Austria",
    "AU": "Australia",
    "AW": "Aruba",
    "AX": "Wyspy Alandzkie",
    "AZ": "Azerbejdżan",
    "BA": "Bośnia i Hercegowina",
    "BB": "Barbados",
    "BD": "Bangladesz",
    "BE": "Belgia",
    "BF": "Burkina Faso",
    "BG": "Bułgaria",
    "BH": "Bahrajn",
    "BI": "Burundi",
    "BJ": "Benin",
    "BL": "Saint Barthelemy",
    "BM": "Bermudy",
    "BN": "Brunei",
    "BO": "Boliwia",
    "BQ": "Holandia Karaibska",
    "BR": "Brazylia",
    "BS": "Bahamy",
    "BT": "Butan",
    "BV": "Wyspa Bouveta",
    "BW": "Botswana",
    "BY": "Białoruś",
    "BZ": "Belize",
    "CA": "Kanada",
    "CC": "Wyspy Kokosowe",
    "CD": "Demokratyczna Republika Konga",
    "CF": "Republika Środkowoafrykańska",
    "CG": "Republika Konga",
    "CH": "Szwajcaria",
    "CI": "Wybrzeże Kości Słoniowej",
    "CK": "Wysypy Cooka",
    "CL": "Chile",
    "CM": "Kamerun",
    "CN": "Chiny",
    "CO": "Kolumbia",
    "CR": "Kostaryka",
    "CU": "Kuba",
    "CV": "Republika Zielonego Przylądka",
    "CW": "Curaçao",
    "CX": "Wyspa Bożego Narodzenia",
    "CY": "Cypr",
    "CZ": "Czechy",
    "DE": "Niemcy",
    "DJ": "Dżibuti",
    "DK": "Dania",
    "DM": "Dominika",
    "DO": "Dominikana",
    "DZ": "Algieria",
    "EC": "Ekwador",
    "EE": "Estonia",
    "EG": "Egipt",
    "EH": "Sahara Zachodnia",
    "ER": "Erytrea",
    "ES": "Hiszpania",
    "ET": "Etiopia",
    "FI": "Finlandia",
    "FJ": "Fidżi",
    "FK": "Falklandy (Malwiny)",
    "FM": "Mikronezja",
    "FO": "Wyspy Owcze",
    "FR": "Francja",
    "GA": "Gabon",
    "GB": "Wielka Brytania",
    "GD": "Grenada",
    "GE": "Gruzja",
    "GF": "Gujana Francuska",
    "GG": "Guernsey",
    "GH": "Ghana",
    "GI": "Gibraltar",
    "GL": "Grenlandia",
    "GM": "Gambia",
    "GN": "Gwinea",
    "GP": "Gwadelupa",
    "GQ": "Gwinea Równikowa",
    "GR": "Grecja",
    "GS": "Georgia Południowa i Sandwich Południowy",
    "GT": "Gwatemala",
    "GU": "Guam",
    "GW": "Gwinea-Bissau",
    "GY": "Gujana",
    "HK": "Hongkong",
    "HN": "Honduras",
    "HR": "Chorwacja",
    "HT": "Haiti",
    "HU": "Węgry",
    "ID": "Indonezja",
    "IE": "Irlandia",
    "IL": "Izrael",
    "IM": "Wyspa Man",
    "IN": "Indie",
    "IO": "Brytyjskie Terytorium Oceanu Indyjskiego",
    "IQ": "Irak",
    "IR": "Iran",
    "IS": "Islandia",
    "IT": "Włochy",
    "JE": "Jersey",
    "JM": "Jamajka",
    "JO": "Jordania",
    "JP": "Japonia",
    "KE": "Kenia",
    "KG": "Kirgistan",
    "KH": "Kambodża",
    "KI": "Kiribati",
    "KM": "Komory",
    "KN": "Saint Kitts i Nevis",
    "KP": "Korea Północna",
    "KR": "Korea Południowa",
    "KW": "Kuwejt",
    "KY": "Kajmany",
    "KZ": "Kazachstan",
    "LA": "Laos",
    "LB": "Liban",
    "LC": "Saint Lucia",
    "LI": "Liechtenstein",
    "LK": "Sri Lanka",
    "LR": "Liberia",
    "LS": "Lesotho",
    "LT": "Litwa",
    "LU": "Luksemburg",
    "LV": "Łotwa",
    "LY": "Libia",
    "MA": "Maroko",
    "MC": "Monako",
    "MD": "Mołdawia",
    "ME": "Czarnogóra",
    "MF": "Sint Maarten",
    "MG": "Madagaskar",
    "MH": "Wyspy Marshalla",
    "MK": "Macedonia",
    "ML": "Mali",
    "MM": "Mjanma",
    "MN": "Mongolia",
    "MO": "Macau",
    "MP": "Mariany Północne",
    "MQ": "Martynika",
    "MR": "Mauretania",
    "MS": "Montserrat",
    "MT": "Malta",
    "MU": "Mauritius",
    "MV": "Malediwy",
    "MW": "Malawi",
    "MX": "Meksyk",
    "MY": "Malezja",
    "MZ": "Mozambik",
    "NA": "Namibia",
    "NC": "Nowa Kaledonia",
    "NE": "Niger",
    "NF": "Wyspa Norfolk",
    "NG": "Nigeria",
    "NI": "Nikaragua",
    "NL": "Holandia",
    "NO": "Norwegia",
    "NP": "Nepal",
    "NR": "Nauru",
    "NU": "Niue",
    "NZ": "Nowa Zelandia",
    "OM": "Oman",
    "PA": "Panama",
    "PE": "Peru",
    "PF": "Polinezja Francuska",
    "PG": "Papua Nowa Gwinea",
    "PH": "Filipiny",
    "PK": "Pakistan",
    "PL": "Polska",
    "PM": "Saint-Pierre i Miquelon",
    "PN": "Pitcairn",
    "PR": "Portoryko",
    "PS": "Palestyna",
    "PT": "Portugalia",
    "PW": "Palau",
    "PY": "Paragwaj",
    "QA": "Katar",
    "RE": "Reunion",
    "RO": "Rumunia",
    "RS": "Serbia",
    "RU": "Rosja",
    "RW": "Rwanda",
    "SA": "Arabia Saudyjska",
    "SB": "Wyspy Salomona",
    "SC": "Seszele",
    "SD": "Sudan",
    "SE": "Szwecja",
    "SG": "Singapur",
    "SH": "Wyspa Świętej Heleny",
    "SI": "Słowenia",
    "SJ": "Svalbard i Jan Mayen",
    "SK": "Słowacja",
    "SL": "Sierra Leone",
    "SM": "San Marino",
    "SN": "Senegal",
    "SO": "Somalia",
    "SR": "Surinam",
    "SS": "Sudan Południowy",
    "ST": "Sao Tome i Principe",
    "SV": "Salwador",
    "SX": "Sint Maarten",
    "SY": "Syria",
    "SZ": "Swaziland",
    "TC": "Wyspy Turks i Caicos",
    "TD": "Czad",
    "TG": "Togo",
    "TH": "Tajlandia",
    "TJ": "Tadżykistan",
    "TK": "Tokelau",
    "TL": "Timor Wschodni",
    "TM": "Turkmenistan",
    "TN": "Tunezja",
    "TO": "Tonga",
    "TR": "Turcja",
    "TT": "Trynidad i Tobago",
    "TV": "Tuvalu",
    "TW": "Tajwan",
    "TZ": "Tanzania",
    "UA": "Ukraina",
    "UG": "Uganda",
    "US": "Stany Zjednoczone",
    "UY": "Urugwaj",
    "UZ": "Uzbekistan",
    "VA": "Watykan",
    "VC": "Saint Vincent i Grenadyny",
    "VE": "Wenezuela",
    "VG": "Brytyjskie Wyspy Dziewicze",
    "VI": "Wyspy Dziewicze Stanów Zjednoczonych",
    "VN": "Wietnam",
    "VU": "Vanuatu",
    "WF": "Wallis i Futuna",
    "WS": "Samoa",
    "XK": "Kosowo",
    "YE": "Jemen",
    "YT": "Majotta",
    "ZA": "Afryka Południowa",
    "ZM": "Zambia",
    "ZW": "Zimbabwe",
    "unknownRegion": "Nieznany region",
    "regionDropdown": "Lista Regionów",
    "regionDropdownButton": "Przycisk listy Regionów"
  },
  "gux-radial-loading": {
    "loading": "Wczytywanie"
  },
  "gux-skip-navigation-list": {
    "navigationName": "Pomiń nawigację łączy"
  },
  "gux-table": {
    "emptyMessage": "Brak dostępnych danych",
    "scrollLeft": "Przewiń w lewo",
    "scrollRight": "Przewiń w prawo",
    "selectAllTableRows": "Wybierz wszystkie wiersze tabeli",
    "selectTableRow": "Wybierz wiersz tabeli",
    "sortAsc": "Sortowane rosnąco",
    "sortDesc": "Sortowane malejąco",
    "tableOptions": "Opcje tabeli",
    "noColumnSort": "{headerContent}. Tabela nie jest aktualnie posortowania wg tej kolumny. Kliknij nagłówek kolumny, aby posortować tabelę rosnąco wg tej kolumny",
    "ascendingColumnSort": "{headerContent}. Tabela jest aktualnie posortowania rosnąco wg tej kolumny. Kliknij nagłówek kolumny, aby posortować tabelę malejąco wg tej kolumny",
    "descendingColumnSort": "{headerContent}. Tabela jest aktualnie posortowania malejąco wg tej kolumny. Kliknij nagłówek kolumny, aby posortować tabelę rosnąco wg tej kolumny",
    "descendingColumnSortIncludeUnsorted": "{headerContent}. Tabela jest aktualnie posortowania malejąco wg tej kolumny. Kliknij nagłówek kolumny, aby nie sortować tabeli wg tej kolumny"
  },
  "gux-table-toolbar-action": {
    "actionRefresh": "Odśwież",
    "actionDelete": "Usuń",
    "actionExport": "Eksportuj",
    "actionImport": "Importuj",
    "actionRevert": "Przywróć",
    "actionAdd": "Dodaj"
  },
  "gux-table-toolbar-menu-button": {
    "additionalActions": "Dodatkowe działania"
  },
  "gux-tabs": {
    "scrollLeft": "Przewiń w lewo",
    "scrollRight": "Przewiń w prawo",
    "scrollUp": "Przewiń w górę",
    "scrollDown": "Przewiń w dół"
  },
  "gux-tabs-advanced": {
    "createNewTab": "Utwórz nową kartę",
    "scrollLeft": "Przewiń w lewo",
    "scrollRight": "Przewiń w prawo",
    "options": "Opcje karty dla {tabTitle}",
    "disableNewTab": "Utworzono maksymalną liczbę kart",
    "toggleSort": "Przełącz tryb sortowania klawiszem spacji",
    "sortModeOn": "Tryb sortowania włączony. Za pomocą klawiszy strzałek w lewo i w prawo można zmienić kolejność kart. Naciśnij klawisz spacji lub Enter, aby zakończyć sortowanie. Klawisz Escape pozwala anulować sortowanie.",
    "sortComplete": "Sortowanie zakończone",
    "sortCancelled": "Sortowanie anulowane"
  },
  "gux-tag": {
    "tag": "tag z etykietą: {label}",
    "tag-disabled": "zablokowano tag z etykietą: {label}",
    "remove-tag": "Usuń tag z etykietą: {label}"
  },
  "gux-time-picker": {
    "am": "przed południem",
    "time-separator": ":",
    "clockButton": "Przełącz sugerowany czas",
    "hoursInput": "Wprowadź godziny",
    "minutesInput": "Wprowadź minuty",
    "pm": "po południu",
    "timeOptionsState": "Otwarte opcje czasu: {state}",
    "toggleAmPM": "Wybrano {amOrPm}, kliknij w celu przełączenia"
  },
  "gux-time-zone-picker": {
    "selectZone": "Wyszukaj według regionu, kraju lub miejscowości",
    "default": "Domyślne",
    "all": "Wszystkie",
    "timeZones": "Strefy czasowe",
    "workspaceDefault": "Domyślne dla obszaru roboczego",
    "localDefault": "Lokalny",
    "localAndWorkspaceDefault": "Domyślne dla obszaru roboczego i lokaln.",
    "Africa/Abidjan": "Afryka/Abidżan",
    "Africa/Accra": "Afryka/Akra",
    "Africa/Addis_Ababa": "Afryka/Addis_Abeba",
    "Africa/Algiers": "Afryka/Algier",
    "Africa/Asmara": "Afryka/Asmara",
    "Africa/Bamako": "Afryka/Bamako",
    "Africa/Bangui": "Afryka/Bangui",
    "Africa/Banjul": "Afryka/Bandżul",
    "Africa/Bissau": "Afryka/Bissau",
    "Africa/Blantyre": "Afryka/Blantyre",
    "Africa/Brazzaville": "Afryka/Brazzaville",
    "Africa/Bujumbura": "Afryka/Budżumbura",
    "Africa/Cairo": "Afryka/Kair",
    "Africa/Casablanca": "Afryka/Casablanca",
    "Africa/Ceuta": "Afryka/Ceuta",
    "Africa/Conakry": "Afryka/Konakry",
    "Africa/Dakar": "Afryka/Dakar",
    "Africa/Dar_es_Salaam": "Afryka/Dar_es_Salaam",
    "Africa/Djibouti": "Afryka/Dżibuti",
    "Africa/Douala": "Afryka/Duala",
    "Africa/El_Aaiun": "Afryka/El_Aaiun",
    "Africa/Freetown": "Afryka/Freetown",
    "Africa/Gaborone": "Afryka/Gaborone",
    "Africa/Harare": "Afryka/Harare",
    "Africa/Johannesburg": "Afryka/Johannesburg",
    "Africa/Juba": "Afryka/Dżuba",
    "Africa/Kampala": "Afryka/Kampala",
    "Africa/Khartoum": "Afryka/Chartum",
    "Africa/Kigali": "Afryka/Kigali",
    "Africa/Kinshasa": "Afryka/Kinszasa",
    "Africa/Lagos": "Afryka/Lagos",
    "Africa/Libreville": "Afryka/Libreville",
    "Africa/Lome": "Afryka/Lome",
    "Africa/Luanda": "Afryka/Luanda",
    "Africa/Lubumbashi": "Afryka/Lubumbashi",
    "Africa/Lusaka": "Afryka/Lusaka",
    "Africa/Malabo": "Afryka/Malabo",
    "Africa/Maputo": "Afryka/Maputo",
    "Africa/Maseru": "Afryka/Maseru",
    "Africa/Mbabane": "Afryka/Mbabane",
    "Africa/Mogadishu": "Afryka/Mogadiszu",
    "Africa/Monrovia": "Afryka/Monrovia",
    "Africa/Nairobi": "Afryka/Nairobi",
    "Africa/Ndjamena": "Afryka/Ndżamena",
    "Africa/Niamey": "Afryka/Niamey",
    "Africa/Nouakchott": "Afryka/Nawakszut",
    "Africa/Ouagadougou": "Afryka/Wagadugu",
    "Africa/Porto-Novo": "Afryka/Porto-Novo",
    "Africa/Sao_Tome": "Afryka/Sao_Tome",
    "Africa/Tripoli": "Afryka/Trypolis",
    "Africa/Tunis": "Afryka/Tunis",
    "Africa/Windhoek": "Afryka/Windhoek",
    "America/Adak": "Ameryka/Adak",
    "America/Anchorage": "Ameryka/Anchorage",
    "America/Anguilla": "Ameryka/Anguilla",
    "America/Antigua": "Ameryka/Antigua",
    "America/Araguaina": "Ameryka/Araguaina",
    "America/Argentina/Buenos_Aires": "Ameryka/Argentyna/Buenos_Aires",
    "America/Argentina/Catamarca": "Ameryka/Argentyna/Catamarca",
    "America/Argentina/Cordoba": "Ameryka/Argentyna/Cordoba",
    "America/Argentina/Jujuy": "Ameryka/Argentyna/Jujuy",
    "America/Argentina/La_Rioja": "Ameryka/Argentyna/La_Rioja",
    "America/Argentina/Mendoza": "Ameryka/Argentyna/Mendoza",
    "America/Argentina/Rio_Gallegos": "Ameryka/Argentyna/Rio_Gallegos",
    "America/Argentina/Salta": "Ameryka/Argentyna/Salta",
    "America/Argentina/San_Juan": "Ameryka/Argentyna/San_Juan",
    "America/Argentina/San_Luis": "Ameryka/Argentyna/San_Luis",
    "America/Argentina/Tucuman": "Ameryka/Argentyna/Tucuman",
    "America/Argentina/Ushuaia": "Ameryka/Argentyna/Ushuaia",
    "America/Aruba": "Ameryka/Aruba",
    "America/Asuncion": "Ameryka/Asuncion",
    "America/Atikokan": "Ameryka/Atikokan",
    "America/Bahia_Banderas": "Ameryka/Bahia_Banderas",
    "America/Bahia": "Ameryka/Bahia",
    "America/Barbados": "Ameryka/Barbados",
    "America/Belem": "Ameryka/Belem",
    "America/Belize": "Ameryka/Belize",
    "America/Blanc-Sablon": "Ameryka/Blanc-Sablon",
    "America/Boa_Vista": "Ameryka/Boa_Vista",
    "America/Bogota": "Ameryka/Bogota",
    "America/Boise": "Ameryka/Boise",
    "America/Buenos_Aires": "Ameryka/Buenos_Aires",
    "America/Cambridge_Bay": "Ameryka/Cambridge_Bay",
    "America/Campo_Grande": "Ameryka/Campo_Grande",
    "America/Cancun": "Ameryka/Cancun",
    "America/Caracas": "Ameryka/Caracas",
    "America/Cayenne": "Ameryka/Cayenne",
    "America/Cayman": "Ameryka/Kajmany",
    "America/Chicago": "Ameryka/Chicago",
    "America/Chihuahua": "Ameryka/Chihuahua",
    "America/Costa_Rica": "Ameryka/Kostaryka",
    "America/Creston": "Ameryka/Creston",
    "America/Cuiaba": "Ameryka/Cuiaba",
    "America/Curacao": "Ameryka/Curacao",
    "America/Danmarkshavn": "Ameryka/Danmarkshavn",
    "America/Dawson_Creek": "Ameryka/Dawson_Creek",
    "America/Dawson": "Ameryka/Dawson",
    "America/Denver": "Ameryka/Denver",
    "America/Detroit": "Ameryka/Detroit",
    "America/Dominica": "Ameryka/Dominika",
    "America/Edmonton": "Ameryka/Edmonton",
    "America/Eirunepe": "Ameryka/Eirunepe",
    "America/El_Salvador": "Ameryka/El_Salvador",
    "America/Fortaleza": "Ameryka/Fortaleza",
    "America/Fort_Nelson": "Ameryka/Fort_Nelson",
    "America/Glace_Bay": "Ameryka/Glace_Bay",
    "America/Godthab": "Ameryka/Godthab",
    "America/Goose_Bay": "Ameryka/Goose_Bay",
    "America/Grand_Turk": "Ameryka/Grand_Turk",
    "America/Grenada": "Ameryka/Grenada",
    "America/Guadeloupe": "Ameryka/Gwadelupa",
    "America/Guatemala": "Ameryka/Gwatemala",
    "America/Guayaquil": "Ameryka/Guayaquil",
    "America/Guyana": "Ameryka/Gujana",
    "America/Halifax": "Ameryka/Halifax",
    "America/Havana": "Ameryka/Hawana",
    "America/Hermosillo": "Ameryka/Hermosillo",
    "America/Indiana/Indianapolis": "Ameryka/Indiana/Indianapolis",
    "America/Indiana/Knox": "Ameryka/Indiana/Knox",
    "America/Indiana/Marengo": "Ameryka/Indiana/Marengo",
    "America/Indiana/Petersburg": "Ameryka/Indiana/Petersburg",
    "America/Indiana/Tell_City": "Ameryka/Indiana/Tell_City",
    "America/Indiana/Vevay": "Ameryka/Indiana/Vevay",
    "America/Indiana/Vincennes": "Ameryka/Indiana/Vincennes",
    "America/Indiana/Winamac": "Ameryka/Indiana/Winamac",
    "America/Indianapolis": "Ameryka/Indianapolis",
    "America/Inuvik": "Ameryka/Inuvik",
    "America/Iqaluit": "Ameryka/Iqaluit",
    "America/Jamaica": "Ameryka/Jamajka",
    "America/Juneau": "Ameryka/Juneau",
    "America/Kentucky/Louisville": "Ameryka/Kentucky/Louisville",
    "America/Kentucky/Monticello": "Ameryka/Kentucky/Monticello",
    "America/Kralendijk": "Ameryka/Kralendijk",
    "America/La_Paz": "Ameryka/La_Paz",
    "America/Lima": "Ameryka/Lima",
    "America/Los_Angeles": "Ameryka/Los_Angeles",
    "America/Lower_Princes": "Ameryka/Lower_Princes",
    "America/Maceio": "Ameryka/Maceio",
    "America/Managua": "Ameryka/Managua",
    "America/Manaus": "Ameryka/Manaus",
    "America/Marigot": "Ameryka/Marigot",
    "America/Martinique": "Ameryka/Martynika",
    "America/Matamoros": "Ameryka/Matamoros",
    "America/Mazatlan": "Ameryka/Mazatlan",
    "America/Menominee": "Ameryka/Menominee",
    "America/Merida": "Ameryka/Merida",
    "America/Metlakatla": "Ameryka/Metlakatla",
    "America/Mexico_City": "Ameryka/Meksyk",
    "America/Miquelon": "Ameryka/Miquelon",
    "America/Moncton": "Ameryka/Moncton",
    "America/Monterrey": "Ameryka/Monterrey",
    "America/Montevideo": "Ameryka/Montevideo",
    "America/Montreal": "Ameryka/Montreal",
    "America/Montserrat": "Ameryka/Montserrat",
    "America/Nassau": "Ameryka/Nassau",
    "America/New_York": "Ameryka/Nowy_Jork",
    "America/Nipigon": "Ameryka/Nipigon",
    "America/Nome": "Ameryka/Nome",
    "America/Noronha": "Ameryka/Noronha",
    "America/North_Dakota/Beulah": "Ameryka/Dakota_Północna/Beulah",
    "America/North_Dakota/Center": "Ameryka/Dakota_Północna/Center",
    "America/North_Dakota/New_Salem": "Ameryka/Dakota_Północna/New_Salem",
    "America/Ojinaga": "Ameryka/Ojinaga",
    "America/Panama": "Ameryka/Panama",
    "America/Pangnirtung": "Ameryka/Pangnirtung",
    "America/Paramaribo": "Ameryka/Paramaribo",
    "America/Phoenix": "Ameryka/Phoenix",
    "America/Port_of_Spain": "Ameryka/Port_of_Spain",
    "America/Port-au-Prince": "Ameryka/Port-au-Prince",
    "America/Porto_Velho": "Ameryka/Porto_Velho",
    "America/Puerto_Rico": "Ameryka/Portoryko",
    "America/Punta_Arenas": "Ameryka/Punta_Arenas",
    "America/Rainy_River": "Ameryka/Rainy_River",
    "America/Rankin_Inlet": "Ameryka/Rankin_Inlet",
    "America/Recife": "Ameryka/Recife",
    "America/Regina": "Ameryka/Regina",
    "America/Resolute": "Ameryka/Resolute",
    "America/Rio_Branco": "Ameryka/Rio_Branco",
    "America/Santa_Isabel": "Ameryka/Santa_Isabel",
    "America/Santarem": "Ameryka/Santarem",
    "America/Santiago": "Ameryka/Santiago",
    "America/Santo_Domingo": "Ameryka/Santo_Domingo",
    "America/Sao_Paulo": "Ameryka/Sao_Paulo",
    "America/Scoresbysund": "Ameryka/Scoresbysund",
    "America/Sitka": "Ameryka/Sitka",
    "America/St_Barthelemy": "Ameryka/St_Barthelemy",
    "America/St_Johns": "Ameryka/St_Johns",
    "America/St_Kitts": "Ameryka/St_Kitts",
    "America/St_Lucia": "Ameryka/St_Lucia",
    "America/St_Thomas": "Ameryka/St_Thomas",
    "America/St_Vincent": "Ameryka/St_Vincent",
    "America/Swift_Current": "Ameryka/Swift_Current",
    "America/Tegucigalpa": "Ameryka/Tegucigalpa",
    "America/Thule": "Ameryka/Thule",
    "America/Thunder_Bay": "Ameryka/Thunder_Bay",
    "America/Tijuana": "Ameryka/Tijuana",
    "America/Toronto": "Ameryka/Toronto",
    "America/Tortola": "Ameryka/Tortola",
    "America/Vancouver": "Ameryka/Vancouver",
    "America/Whitehorse": "Ameryka/Whitehorse",
    "America/Winnipeg": "Ameryka/Winnipeg",
    "America/Yakutat": "Ameryka/Yakutat",
    "America/Yellowknife": "Ameryka/Yellowknife",
    "Antarctica/Casey": "Antarktyda/Casey",
    "Antarctica/Davis": "Antarktyda/Davis",
    "Antarctica/DumontDUrville": "Antarktyda/DumontDUrville",
    "Antarctica/Macquarie": "Antarktyda/Macquarie",
    "Antarctica/Mawson": "Antarktyda/Mawson",
    "Antarctica/McMurdo": "Antarktyda/McMurdo",
    "Antarctica/Palmer": "Antarktyda/Palmer",
    "Antarctica/Rothera": "Antarktyda/Rothera",
    "Antarctica/Syowa": "Antarktyda/Syowa",
    "Antarctica/Troll": "Antarktyda/Troll",
    "Antarctica/Vostok": "Antarktyda/Wostok",
    "Arctic/Longyearbyen": "Arktyka/Longyearbyen",
    "Asia/Aden": "Azja/Aden",
    "Asia/Almaty": "Azja/Ałmaty",
    "Asia/Amman": "Azja/Amman",
    "Asia/Anadyr": "Azja/Anadyr",
    "Asia/Aqtau": "Azja/Aktau",
    "Asia/Aqtobe": "Azja/Aktobe",
    "Asia/Ashgabat": "Azja/Aszchabad",
    "Asia/Atyrau": "Azja/Atyrau",
    "Asia/Baghdad": "Azja/Bagdad",
    "Asia/Bahrain": "Azja/Bahrajn",
    "Asia/Baku": "Azja/Baku",
    "Asia/Bangkok": "Azja/Bangkok",
    "Asia/Barnaul": "Azja/Barnaul",
    "Asia/Beirut": "Azja/Bejrut",
    "Asia/Bishkek": "Azja/Biszkek",
    "Asia/Brunei": "Azja/Brunei",
    "Asia/Calcutta": "Azja/Kalkuta",
    "Asia/Chita": "Azja/Chita",
    "Asia/Choibalsan": "Azja/Czojbalsan",
    "Asia/Chongqing": "Azja/Chongqing",
    "Asia/Colombo": "Azja/Colombo",
    "Asia/Damascus": "Azja/Damaszek",
    "Asia/Dhaka": "Azja/Dhaka",
    "Asia/Dili": "Azja/Dili",
    "Asia/Dubai": "Azja/Dubaj",
    "Asia/Dushanbe": "Azja/Duszanbe",
    "Asia/Famagusta": "Azja/Famagusta",
    "Asia/Gaza": "Azja/Gaza",
    "Asia/Harbin": "Azja/Harbin",
    "Asia/Hebron": "Azja/Hebron",
    "Asia/Ho_Chi_Minh": "Azja/Ho_Chi_Minh",
    "Asia/Hong_Kong": "Azja/Hongkong",
    "Asia/Hovd": "Azja/Kobdo",
    "Asia/Irkutsk": "Azja/Irkuck",
    "Asia/Istanbul": "Azja/Stambuł",
    "Asia/Jakarta": "Azja/Dżakarta",
    "Asia/Jayapura": "Azja/Jayapura",
    "Asia/Jerusalem": "Azja/Jerozolima",
    "Asia/Kabul": "Azja/Kabul",
    "Asia/Kamchatka": "Azja/Kamczatka",
    "Asia/Karachi": "Azja/Karaczi",
    "Asia/Kashgar": "Azja/Kaszgar",
    "Asia/Kathmandu": "Azja/Katmandu",
    "Asia/Katmandu": "Azja/Katmandu",
    "Asia/Khandyga": "Azja/Chandyga",
    "Asia/Kolkata": "Azja/Kalkuta",
    "Asia/Krasnoyarsk": "Azja/Krasnojarsk",
    "Asia/Kuala_Lumpur": "Azja/Kuala_Lumpur",
    "Asia/Kuching": "Azja/Kuching",
    "Asia/Kuwait": "Azja/Kuwejt",
    "Asia/Macau": "Azja/Makau",
    "Asia/Magadan": "Azja/Magadan",
    "Asia/Makassar": "Azja/Makassar",
    "Asia/Manila": "Azja/Manila",
    "Asia/Muscat": "Azja/Maskat",
    "Asia/Nicosia": "Azja/Nikozja",
    "Asia/Novokuznetsk": "Azja/Nowokuźnieck",
    "Asia/Novosibirsk": "Azja/Nowosybirsk",
    "Asia/Omsk": "Azja/Omsk",
    "Asia/Oral": "Azja/Uralsk",
    "Asia/Phnom_Penh": "Azja/Phnom_Penh",
    "Asia/Pontianak": "Azja/Pontianak",
    "Asia/Pyongyang": "Azja/Pjongjang",
    "Asia/Qatar": "Azja/Katar",
    "Asia/Qostanay": "Azja/Kustanaj",
    "Asia/Qyzylorda": "Azja/Kyzyłorda",
    "Asia/Rangoon": "Azja/Rangun",
    "Asia/Riyadh": "Azja/Rijad",
    "Asia/Sakhalin": "Azja/Sachalin",
    "Asia/Samarkand": "Azja/Samarkanda",
    "Asia/Seoul": "Azja/Seul",
    "Asia/Shanghai": "Azja/Szanghaj",
    "Asia/Singapore": "Azja/Singapur",
    "Asia/Srednekolymsk": "Azja/Sriedniekołymsk",
    "Asia/Taipei": "Azja/Tajpej",
    "Asia/Tashkent": "Azja/Taszkient",
    "Asia/Tbilisi": "Azja/Tbilisi",
    "Asia/Tehran": "Azja/Teheran",
    "Asia/Thimphu": "Azja/Thimphu",
    "Asia/Tokyo": "Azja/Tokio",
    "Asia/Tomsk": "Azja/Tomsk",
    "Asia/Ulaanbaatar": "Azja/Ułan Bator",
    "Asia/Urumqi": "Azja/Urumczi",
    "Asia/Ust-Nera": "Azja/Ust-Nera",
    "Asia/Vientiane": "Azja/Wientian",
    "Asia/Vladivostok": "Azja/Władywostok",
    "Asia/Yakutsk": "Azja/Jakuck",
    "Asia/Yangon": "Azja/Yangon",
    "Asia/Yekaterinburg": "Azja/Jekaterynburg",
    "Asia/Yerevan": "Azja/Erewań",
    "Atlantic/Azores": "Atlantyk/Azory",
    "Atlantic/Bermuda": "Atlantyk/Bermudy",
    "Atlantic/Canary": "Atlantyk/Wyspy_Kanaryjskie",
    "Atlantic/Cape_Verde": "Atlantyk/Wyspy_Zielonego_Przylądka",
    "Atlantic/Faroe": "Atlantyk/Wyspy_Owcze",
    "Atlantic/Madeira": "Atlantyk/Madera",
    "Atlantic/Reykjavik": "Atlantyk/Reykjavik",
    "Atlantic/South_Georgia": "Atlantyk/Georgia_Południowa",
    "Atlantic/St_Helena": "Atlantyk/Wyspa_Świętej_Heleny",
    "Atlantic/Stanley": "Atlantyk/Stanley",
    "Australia/Adelaide": "Australia/Adelaide",
    "Australia/Brisbane": "Australia/Brisbane",
    "Australia/Broken_Hill": "Australia/Broken_Hill",
    "Australia/Currie": "Australia/Currie",
    "Australia/Darwin": "Australia/Darwin",
    "Australia/Eucla": "Australia/Eucla",
    "Australia/Hobart": "Australia/Hobart",
    "Australia/Lindeman": "Australia/Lindeman",
    "Australia/Lord_Howe": "Australia/Lord_Howe",
    "Australia/Melbourne": "Australia/Melbourne",
    "Australia/Perth": "Australia/Perth",
    "Australia/Sydney": "Australia/Sydney",
    "CET": "CET",
    "CST6CDT": "CST6CDT",
    "EET": "EET",
    "EST": "EST",
    "EST5EDT": "EST5EDT",
    "Etc/GMT-1": "Etc/GMT-1",
    "Etc/GMT-10": "Etc/GMT-10",
    "Etc/GMT-11": "Etc/GMT-11",
    "Etc/GMT-12": "Etc/GMT-12",
    "Etc/GMT-13": "Etc/GMT-13",
    "Etc/GMT-14": "Etc/GMT-14",
    "Etc/GMT-2": "Etc/GMT-2",
    "Etc/GMT-3": "Etc/GMT-3",
    "Etc/GMT-4": "Etc/GMT-4",
    "Etc/GMT-5": "Etc/GMT-5",
    "Etc/GMT-6": "Etc/GMT-6",
    "Etc/GMT-7": "Etc/GMT-7",
    "Etc/GMT-8": "Etc/GMT-8",
    "Etc/GMT-9": "Etc/GMT-9",
    "Etc/GMT": "Etc/GMT",
    "Etc/GMT+1": "Etc/GMT+1",
    "Etc/GMT+10": "Etc/GMT+10",
    "Etc/GMT+11": "Etc/GMT+11",
    "Etc/GMT+12": "Etc/GMT+12",
    "Etc/GMT+2": "Etc/GMT+2",
    "Etc/GMT+3": "Etc/GMT+3",
    "Etc/GMT+4": "Etc/GMT+4",
    "Etc/GMT+5": "Etc/GMT+5",
    "Etc/GMT+6": "Etc/GMT+6",
    "Etc/GMT+7": "Etc/GMT+7",
    "Etc/GMT+8": "Etc/GMT+8",
    "Etc/GMT+9": "Etc/GMT+9",
    "Etc/UCT": "Etc/UTC",
    "Etc/UTC": "Etc/UTC",
    "Europe/Amsterdam": "Europa/Amsterdam",
    "Europe/Andorra": "Europa/Andora",
    "Europe/Astrakhan": "Europa/Astrachań",
    "Europe/Athens": "Europa/Ateny",
    "Europe/Belgrade": "Europa/Belgrad",
    "Europe/Berlin": "Europa/Berlin",
    "Europe/Bratislava": "Europa/Bratysława",
    "Europe/Brussels": "Europa/Bruksela",
    "Europe/Busingen": "Europa/Busingen",
    "Europe/Bucharest": "Europa/Bukareszt",
    "Europe/Budapest": "Europa/Budapeszt",
    "Europe/Chisinau": "Europa/Kiszyniów",
    "Europe/Copenhagen": "Europa/Kopenhaga",
    "Europe/Dublin": "Europa/Dublin",
    "Europe/Gibraltar": "Europa/Gibraltar",
    "Europe/Guernsey": "Europa/Guernsey",
    "Europe/Helsinki": "Europa/Helsinki",
    "Europe/Isle_of_Man": "Europe/Wyspa_Man",
    "Europe/Istanbul": "Europa/Stambuł",
    "Europe/Jersey": "Europa/Jersey",
    "Europe/Kaliningrad": "Europa/Kaliningrad",
    "Europe/Kiev": "Europa/Kijów",
    "Europe/Kirov": "Europa/Kirow",
    "Europe/Lisbon": "Europa/Lizbona",
    "Europe/Ljubljana": "Europa/Lublana",
    "Europe/London": "Europa/Londyn",
    "Europe/Luxembourg": "Europa/Luksemburg",
    "Europe/Madrid": "Europa/Madryt",
    "Europe/Malta": "Europa/Malta",
    "Europe/Mariehamn": "Europa/Mariehamn",
    "Europe/Minsk": "Europa/Mińsk",
    "Europe/Monaco": "Europa/Monako",
    "Europe/Moscow": "Europa/Moskwa",
    "Europe/Nicosia": "Europa/Nikozja",
    "Europe/Oslo": "Europa/Oslo",
    "Europe/Paris": "Europa/Paryż",
    "Europe/Podgorica": "Europa/Podgorica",
    "Europe/Prague": "Europa/Praga",
    "Europe/Riga": "Europa/Ryga",
    "Europe/Rome": "Europa/Rzym",
    "Europe/Samara": "Europa/Samara",
    "Europe/San_Marino": "Europa/San_Marino",
    "Europe/Sarajevo": "Europa/Sarajewo",
    "Europe/Saratov": "Europa/Saratow",
    "Europe/Simferopol": "Europa/Symferopol",
    "Europe/Skopje": "Europa/Skopje",
    "Europe/Sofia": "Europa/Sofia",
    "Europe/Stockholm": "Europa/Sztokholm",
    "Europe/Tallinn": "Europa/Tallin",
    "Europe/Tirane": "Europa/Tirana",
    "Europe/Ulyanovsk": "Europa/Uljanowsk",
    "Europe/Uzhgorod": "Europa/Użhorod",
    "Europe/Vaduz": "Europa/Vaduz",
    "Europe/Vatican": "Europa/Watykan",
    "Europe/Vienna": "Europa/Wiedeń",
    "Europe/Vilnius": "Europa/Wilno",
    "Europe/Volgograd": "Europa/Wołgograd",
    "Europe/Warsaw": "Europa/Warszawa",
    "Europe/Zagreb": "Europe/Zagrzeb",
    "Europe/Zaporozhye": "Europa/Zaporoże",
    "Europe/Zurich": "Europa/Zurich",
    "GMT-12:00": "GMT-12:00",
    "GMT": "GMT",
    "HST": "HST",
    "Indian/Antananarivo": "Ocean_Indyjski/Antananarivo",
    "Indian/Chagos": "Ocean_Indyjski/Czagos",
    "Indian/Christmas": "Ocean_Indyjski/Wyspa_Bożego_Narodzenia",
    "Indian/Cocos": "Ocean_Indyjski/Wyspy_Kokosowe",
    "Indian/Comoro": "Ocean_Indyjski/Komory",
    "Indian/Kerguelen": "Ocean_Indyjski/Wyspy_Kerguelena",
    "Indian/Mahe": "Ocean_Indyjski/Mahe",
    "Indian/Maldives": "Ocean_Indyjski/Malediwy",
    "Indian/Mauritius": "Ocean Indyjski/Mauritius",
    "Indian/Mayotte": "Ocean_Indyjski/Majotta",
    "Indian/Reunion": "Ocean_Indyjski/Reunion",
    "MET": "MET",
    "MST": "MST",
    "MST7MDT": "MST7MDT",
    "Pacific/Apia": "Pacyfik/Apia",
    "Pacific/Auckland": "Pacyfik/Auckland",
    "Pacific/Bougainville": "Pacyfik/Bougainville",
    "Pacific/Chatham": "Pacyfik/Chatham",
    "Pacific/Chuuk": "Pacyfik/Chuuk",
    "Pacific/Easter": "Pacyfik/Wyspy_Wielkanocne",
    "Pacific/Efate": "Pacyfik/Efate",
    "Pacific/Enderbury": "Pacyfik/Enderbury",
    "Pacific/Fakaofo": "Pacyfik/Fakaofo",
    "Pacific/Fiji": "Pacyfik/Fidżi",
    "Pacific/Funafuti": "Pacyfik/Funafuti",
    "Pacific/Galapagos": "Pacyfik/Galapagos",
    "Pacific/Gambier": "Pacyfik/Gambier",
    "Pacific/Guadalcanal": "Pacyfik/Guadalcanal",
    "Pacific/Guam": "Pacyfik/Guam",
    "Pacific/Honolulu": "Pacyfik/Honolulu",
    "Pacific/Johnston": "Pacyfik/Johnston",
    "Pacific/Kiritimati": "Pacyfik/Kiritimati",
    "Pacific/Kosrae": "Pacyfik/Kosrae",
    "Pacific/Kwajalein": "Pacyfik/Kwajalein",
    "Pacific/Majuro": "Pacyfik/Majuro",
    "Pacific/Marquesas": "Pacyfik/Markizy",
    "Pacific/Midway": "Pacyfik/Midway",
    "Pacific/Nauru": "Pacyfik/Nauru",
    "Pacific/Niue": "Pacyfik/Niue",
    "Pacific/Norfolk": "Pacyfik/Norfolk",
    "Pacific/Noumea": "Pacyfik/Noumea",
    "Pacific/Pago_Pago": "Pacyfik/Pago_Pago",
    "Pacific/Palau": "Pacyfik/Palau",
    "Pacific/Pitcairn": "Pacyfik/Pitcairn",
    "Pacific/Pohnpei": "Pacyfik/Pohnpei",
    "Pacific/Port_Moresby": "Pacyfik/Port_Moresby",
    "Pacific/Rarotonga": "Pacyfik/Rarotonga",
    "Pacific/Saipan": "Pacyfik/Saipan",
    "Pacific/Tahiti": "Pacyfik/Tahiti",
    "Pacific/Tarawa": "Pacyfik/Tarawa",
    "Pacific/Tongatapu": "Pacyfik/Tongatapu",
    "Pacific/Wake": "Pacyfik/Wake",
    "Pacific/Wallis": "Pacyfik/Wallis",
    "PST8PDT": "PST8PDT",
    "UTC": "UTC",
    "WET": "WET",
    "Niue": "Niue",
    "United States Minor Outlying Islands": "Dalekie Wyspy Mniejsze Stanów Zjednoczonych",
    "American Samoa": "Samoa Amerykańskie",
    "Cook Islands": "Wysypy Cooka",
    "United States": "Stany Zjednoczone",
    "French Polynesia": "Polinezja Francuska",
    "Mexico": "Meksyk",
    "Canada": "Kanada",
    "Pitcairn": "Pitcairn",
    "Belize": "Belize",
    "Guatemala": "Gwatemala",
    "Nicaragua": "Nikaragua",
    "Costa Rica": "Kostaryka",
    "El Salvador": "Salwador",
    "Honduras": "Honduras",
    "Ecuador": "Ekwador",
    "Brazil": "Brazylia",
    "Colombia": "Kolumbia",
    "Cuba": "Kuba",
    "Chile": "Chile",
    "Turks and Caicos Islands": "Wyspy Turks i Caicos",
    "Cayman Islands": "Kajmany",
    "Jamaica": "Jamajka",
    "Bahamas": "Bahamy",
    "Panama": "Panama",
    "Haiti": "Haiti",
    "Peru": "Peru",
    "Saint Kitts and Nevis": "Saint Kitts i Nevis",
    "Montserrat": "Montserrat",
    "Barbados": "Barbados",
    "Saint Lucia": "Saint Lucia",
    "Trinidad and Tobago": "Trynidad i Tobago",
    "Martinique": "Martynika",
    "Saint Barthelemy": "Saint Barthelemy",
    "Bermuda": "Bermudy",
    "Saint Vincent and the Grenadines": "Saint Vincent i Grenadyny",
    "Bonaire, Saint Eustatius and Saba ": "Bonaire, Saint Eustatius i Saba ",
    "Guadeloupe": "Gwadelupa",
    "Saint Martin": "Saint Maarten",
    "Aruba": "Aruba",
    "Sint Maarten": "Sint Maarten",
    "British Virgin Islands": "Brytyjskie Wyspy Dziewicze",
    "Dominica": "Dominika",
    "U.S. Virgin Islands": "Wyspy Dziewicze Stanów Zjednoczonych",
    "Grenada": "Grenada",
    "Antigua and Barbuda": "Antigua i Barbuda",
    "Puerto Rico": "Portoryko",
    "Dominican Republic": "Dominikana",
    "Anguilla": "Anguilla",
    "Greenland": "Grenlandia",
    "Curacao": "Curaçao",
    "Bolivia": "Boliwia",
    "Guyana": "Gujana",
    "Venezuela": "Wenezuela",
    "Argentina": "Argentyna",
    "Antarctica": "Antarktyka",
    "Falkland Islands": "Falklandy",
    "French Guiana": "Gujana Francuska",
    "Paraguay": "Paragwaj",
    "Saint Pierre and Miquelon": "Saint-Pierre i Miquelon",
    "Suriname": "Surinam",
    "Uruguay": "Urugwaj",
    "South Georgia and the South Sandwich Islands": "Georgia Południowa i Sandwich Południowy",
    "Portugal": "Portugalia",
    "Cabo Verde": "Republika Zielonego Przylądka",
    "Ivory Coast": "Wybrzeże Kości Słoniowej",
    "Ghana": "Ghana",
    "Mali": "Mali",
    "Guinea-Bissau": "Gwinea-Bissau",
    "Guinea": "Gwinea",
    "Senegal": "Senegal",
    "Isle of Man": "Wyspa Man",
    "Ireland": "Irlandia",
    "Sierra Leone": "Sierra Leone",
    "Saint Helena": "Wyspa Świętej Heleny",
    "Togo": "Togo",
    "United Kingdom": "Wielka Brytania",
    "Liberia": "Liberia",
    "Mauritania": "Mauretania",
    "Burkina Faso": "Burkina Faso",
    "Iceland": "Islandia",
    "Jersey": "Jersey",
    "Guernsey": "Guernsey",
    "Sao Tome and Principe": "Sao Tome i Principe",
    "Gambia": "Gambia",
    "Spain": "Hiszpania",
    "Faroe Islands": "Wyspy Owcze",
    "Algeria": "Algieria",
    "The Netherlands": "Holandia",
    "Andorra": "Andora",
    "Serbia": "Serbia",
    "Germany": "Niemcy",
    "Slovakia": "Słowacja",
    "Belgium": "Belgia",
    "Hungary": "Węgry",
    "Denmark": "Dania",
    "Gibraltar": "Gibraltar",
    "Slovenia": "Słowenia",
    "Svalbard and Jan Mayen": "Svalbard i Jan Mayen",
    "Luxembourg": "Luksemburg",
    "Monaco": "Monako",
    "Norway": "Norwegia",
    "France": "Francja",
    "Montenegro": "Czarnogóra",
    "Czechia": "Czechy",
    "Italy": "Włochy",
    "San Marino": "San Marino",
    "Malta": "Malta",
    "Bosnia and Herzegovina": "Bośnia i Hercegowina",
    "North Macedonia": "Macedonia Północna",
    "Sweden": "Szwecja",
    "Albania": "Albania",
    "Tunisia": "Tunezja",
    "Liechtenstein": "Liechtenstein",
    "Vatican": "Watykan",
    "Austria": "Austria",
    "Poland": "Polska",
    "Croatia": "Chorwacja",
    "Switzerland": "Szwajcaria",
    "Central African Republic": "Republika Środkowoafrykańska",
    "Equatorial Guinea": "Gwinea Równikowa",
    "Republic of the Congo": "Republika Konga",
    "Benin": "Benin",
    "Cameroon": "Kamerun",
    "Democratic Republic of the Congo": "Demokratyczna Republika Konga",
    "Nigeria": "Nigeria",
    "Gabon": "Gabon",
    "Angola": "Angola",
    "Chad": "Czad",
    "Niger": "Niger",
    "Morocco": "Maroko",
    "Western Sahara": "Sahara Zachodnia",
    "Burundi": "Burundi",
    "Botswana": "Botswana",
    "Zimbabwe": "Zimbabwe",
    "South Sudan": "Sudan Południowy",
    "Sudan": "Sudan",
    "Rwanda": "Rwanda",
    "Malawi": "Malawi",
    "Zambia": "Zambia",
    "Mozambique": "Mozambik",
    "Namibia": "Namibia",
    "Greece": "Grecja",
    "Lebanon": "Liban",
    "Romania": "Rumunia",
    "Egypt": "Egipt",
    "Moldova": "Mołdawia",
    "Palestinian Territory": "Palestyna",
    "Finland": "Finlandia",
    "Russia": "Rosja",
    "Aland Islands": "Wyspy Alandzkie",
    "Cyprus": "Cypr",
    "Latvia": "Łotwa",
    "Bulgaria": "Bułgaria",
    "Estonia": "Estonia",
    "Libya": "Libia",
    "Lithuania": "Litwa",
    "Israel": "Izrael",
    "South Africa": "Afryka Południowa",
    "Eswatini": "Eswatini",
    "Lesotho": "Lesotho",
    "Kuwait": "Kuwejt",
    "Bahrain": "Bahrajn",
    "Iraq": "Irak",
    "Qatar": "Katar",
    "Saudi Arabia": "Arabia Saudyjska",
    "Yemen": "Jemen",
    "Jordan": "Jordania",
    "Syria": "Syria",
    "Ethiopia": "Etiopia",
    "Madagascar": "Madagaskar",
    "Eritrea": "Erytrea",
    "Tanzania": "Tanzania",
    "Djibouti": "Dżibuti",
    "Uganda": "Uganda",
    "Mayotte": "Majotta",
    "Somalia": "Somalia",
    "Comoros": "Komory",
    "Kenya": "Kenia",
    "Belarus": "Białoruś",
    "Ukraine": "Ukraina",
    "Turkey": "Turcja",
    "Iran": "Iran",
    "Armenia": "Armenia",
    "Azerbaijan": "Azerbejdżan",
    "Georgia": "Gruzja",
    "United Arab Emirates": "Zjednoczone Emiraty Arabskie",
    "Oman": "Oman",
    "Mauritius": "Mauritius",
    "Reunion": "Reunion",
    "Seychelles": "Seszele",
    "Afghanistan": "Afganistan",
    "French Southern Territories": "Francuskie Terytoria Południowe",
    "Maldives": "Malediwy",
    "Pakistan": "Pakistan",
    "Tajikistan": "Tadżykistan",
    "Turkmenistan": "Turkmenistan",
    "Uzbekistan": "Uzbekistan",
    "Kazakhstan": "Kazachstan",
    "Sri Lanka": "Sri Lanka",
    "India": "Indie",
    "Nepal": "Nepal",
    "Bangladesh": "Bangladesz",
    "Bhutan": "Butan",
    "China": "Chiny",
    "British Indian Ocean Territory": "Brytyjskie Terytorium Oceanu Indyjskiego",
    "Kyrgyzstan": "Kirgistan",
    "Cocos Islands": "Wyspy Kokosowe",
    "Myanmar": "Mjanma",
    "Christmas Island": "Wyspa Bożego Narodzenia",
    "Mongolia": "Mongolia",
    "Thailand": "Tajlandia",
    "Vietnam": "Wietnam",
    "Cambodia": "Kambodża",
    "Laos": "Laos",
    "Indonesia": "Indonezja",
    "Australia": "Australia",
    "Brunei": "Brunei",
    "Macao": "Makao",
    "Hong Kong": "Hongkong",
    "Malaysia": "Malezja",
    "Philippines": "Filipiny",
    "Singapore": "Singapur",
    "Taiwan": "Tajwan",
    "Timor Leste": "Timor-Leste",
    "Japan": "Japonia",
    "North Korea": "Korea Północna",
    "South Korea": "Korea Południowa",
    "Palau": "Palau",
    "Guam": "Guam",
    "Northern Mariana Islands": "Mariany Północne",
    "Micronesia": "Mikronezja",
    "Papua New Guinea": "Papua Nowa Gwinea",
    "New Caledonia": "Nowa Kaledonia",
    "Solomon Islands": "Wyspy Salomona",
    "Vanuatu": "Vanuatu",
    "Fiji": "Fidżi",
    "Kiribati": "Kiribati",
    "Marshall Islands": "Wyspy Marshalla",
    "Nauru": "Nauru",
    "Norfolk Island": "Wyspa Norfolk",
    "Tuvalu": "Tuvalu",
    "Wallis and Futuna": "Wallis i Futuna",
    "Samoa": "Samoa",
    "New Zealand": "Nowa Zelandia",
    "Tokelau": "Tokelau",
    "Tonga": "Tonga"
  },
  "gux-toggle": {
    "defaultAriaLabel": "Przełączanie",
    "toggleIsLoading": "Wczytywanie przełączania",
    "toggleIsFinishedLoading": "Wczytywanie przełączania zakończone"
  }
}
